period,employer_id,amount,recorded_at
2015-01-01,acme,133.00,2015-02-06T00:00:00Z
2015-02-01,acme,133.00,2015-03-06T00:00:00Z
2015-03-01,acme,133.00,2015-04-06T00:00:00Z
2015-04-01,acme,133.00,2015-05-06T00:00:00Z
2015-05-01,acme,133.00,2015-06-06T00:00:00Z
2015-06-01,acme,133.00,2015-07-06T00:00:00Z
2015-07-01,acme,133.00,2015-08-06T00:00:00Z
2015-08-01,acme,133.00,2015-09-06T00:00:00Z
2015-09-01,acme,133.00,2015-10-06T00:00:00Z
2015-10-01,acme,133.00,2015-11-06T00:00:00Z
2015-11-01,acme,133.00,2015-12-06T00:00:00Z
2015-12-01,acme,133.00,2016-01-06T00:00:00Z
2016-01-01,acme,133.00,2016-02-06T00:00:00Z
2016-02-01,acme,133.00,2016-03-06T00:00:00Z
2016-03-01,acme,133.00,2016-04-06T00:00:00Z
2016-04-01,acme,133.00,2016-05-06T00:00:00Z
2016-05-01,acme,133.00,2016-06-06T00:00:00Z
2016-06-01,acme,133.00,2016-07-06T00:00:00Z
2016-07-01,acme,133.00,2016-08-06T00:00:00Z
2016-08-01,acme,133.00,2016-09-06T00:00:00Z
2016-09-01,acme,133.00,2016-10-06T00:00:00Z
2016-10-01,acme,133.00,2016-11-06T00:00:00Z
2016-11-01,acme,133.00,2016-12-06T00:00:00Z
2016-12-01,acme,133.00,2017-01-06T00:00:00Z
2017-01-01,acme,133.00,2017-02-06T00:00:00Z
2017-02-01,acme,133.00,2017-03-06T00:00:00Z
2017-03-01,acme,133.00,2017-04-06T00:00:00Z
2017-04-01,acme,133.00,2017-05-06T00:00:00Z
2017-05-01,acme,133.00,2017-06-06T00:00:00Z
2017-06-01,acme,133.00,2017-07-06T00:00:00Z
2017-07-01,acme,133.00,2017-08-06T00:00:00Z
2017-08-01,acme,133.00,2017-09-06T00:00:00Z
2017-09-01,acme,133.00,2017-10-06T00:00:00Z
2017-10-01,acme,133.00,2017-11-06T00:00:00Z
2017-11-01,acme,133.00,2017-12-06T00:00:00Z
2017-12-01,acme,133.00,2018-01-06T00:00:00Z
2018-01-01,acme,133.00,2018-02-06T00:00:00Z
2018-02-01,acme,133.00,2018-03-06T00:00:00Z
2018-03-01,acme,133.00,2018-04-06T00:00:00Z
2018-04-01,acme,133.00,2018-05-06T00:00:00Z
2018-05-01,acme,133.00,2018-06-06T00:00:00Z
2018-06-01,acme,133.00,2018-07-06T00:00:00Z
2018-07-01,acme,133.00,2018-08-06T00:00:00Z
2018-08-01,acme,133.00,2018-09-06T00:00:00Z
2018-09-01,acme,133.00,2018-10-06T00:00:00Z
2018-10-01,acme,133.00,2018-11-06T00:00:00Z
2018-11-01,acme,133.00,2018-12-06T00:00:00Z
2018-12-01,acme,133.00,2019-01-06T00:00:00Z
2019-01-01,acme,133.00,2019-02-06T00:00:00Z
2019-02-01,acme,133.00,2019-03-06T00:00:00Z
2019-03-01,acme,133.00,2019-04-06T00:00:00Z
2019-04-01,acme,133.00,2019-05-06T00:00:00Z
2019-05-01,acme,133.00,2019-06-06T00:00:00Z
2019-06-01,acme,133.00,2019-07-06T00:00:00Z
2019-07-01,acme,133.00,2019-08-06T00:00:00Z
2019-08-01,acme,133.00,2019-09-06T00:00:00Z
2019-09-01,acme,133.00,2019-10-06T00:00:00Z
2019-10-01,acme,133.00,2019-11-06T00:00:00Z
2019-11-01,acme,133.00,2019-12-06T00:00:00Z
2019-12-01,acme,133.00,2020-01-06T00:00:00Z
2020-01-01,acme,133.00,2020-02-06T00:00:00Z
2020-02-01,acme,133.00,2020-03-06T00:00:00Z
2020-03-01,acme,133.00,2020-04-06T00:00:00Z
2020-04-01,acme,133.00,2020-05-06T00:00:00Z
2020-05-01,acme,133.00,2020-06-06T00:00:00Z
2020-06-01,acme,133.00,2020-07-06T00:00:00Z
2020-07-01,acme,133.00,2020-08-06T00:00:00Z
2020-08-01,acme,133.00,2020-09-06T00:00:00Z
2020-09-01,acme,133.00,2020-10-06T00:00:00Z
2020-10-01,acme,133.00,2020-11-06T00:00:00Z
2020-11-01,acme,133.00,2020-12-06T00:00:00Z
2020-12-01,acme,133.00,2021-01-06T00:00:00Z
2021-01-01,acme,133.00,2021-02-06T00:00:00Z
2021-02-01,acme,133.00,2021-03-06T00:00:00Z
2021-03-01,acme,133.00,2021-04-06T00:00:00Z
2021-04-01,acme,133.00,2021-05-06T00:00:00Z
2021-05-01,acme,133.00,2021-06-06T00:00:00Z
2021-06-01,acme,133.00,2021-07-06T00:00:00Z
2021-07-01,acme,133.00,2021-08-06T00:00:00Z
2021-08-01,acme,133.00,2021-09-06T00:00:00Z
2021-09-01,acme,133.00,2021-10-06T00:00:00Z
2021-10-01,acme,133.00,2021-11-06T00:00:00Z
2021-11-01,acme,133.00,2021-12-06T00:00:00Z
2021-12-01,acme,133.00,2022-01-06T00:00:00Z
2022-01-01,acme,133.00,2022-02-06T00:00:00Z
2022-02-01,acme,133.00,2022-03-06T00:00:00Z
2022-03-01,acme,133.00,2022-04-06T00:00:00Z
2022-04-01,acme,133.00,2022-05-06T00:00:00Z
2022-05-01,acme,133.00,2022-06-06T00:00:00Z
2022-06-01,acme,133.00,2022-07-06T00:00:00Z
2022-07-01,acme,133.00,2022-08-06T00:00:00Z
2022-08-01,acme,133.00,2022-09-06T00:00:00Z
2022-09-01,acme,133.00,2022-10-06T00:00:00Z
2022-10-01,acme,133.00,2022-11-06T00:00:00Z
2022-11-01,acme,133.00,2022-12-06T00:00:00Z
2022-12-01,acme,133.00,2023-01-06T00:00:00Z
2023-01-01,acme,133.00,2023-02-06T00:00:00Z
2023-02-01,acme,133.00,2023-03-06T00:00:00Z
2023-03-01,acme,133.00,2023-04-06T00:00:00Z
2023-04-01,acme,133.00,2023-05-06T00:00:00Z
2023-05-01,acme,133.00,2023-06-06T00:00:00Z
2023-06-01,acme,133.00,2023-07-06T00:00:00Z
2023-07-01,acme,133.00,2023-08-06T00:00:00Z
2023-08-01,acme,133.00,2023-09-06T00:00:00Z
2023-09-01,acme,133.00,2023-10-06T00:00:00Z
2023-10-01,acme,133.00,2023-11-06T00:00:00Z
2023-11-01,acme,133.00,2023-12-06T00:00:00Z
2023-12-01,acme,133.00,2024-01-06T00:00:00Z
2024-01-01,acme,133.00,2024-02-06T00:00:00Z
2024-02-01,acme,133.00,2024-03-06T00:00:00Z
2024-03-01,acme,133.00,2024-04-06T00:00:00Z
2024-04-01,acme,133.00,2024-05-06T00:00:00Z
2024-05-01,acme,133.00,2024-06-06T00:00:00Z
2024-06-01,acme,133.00,2024-07-06T00:00:00Z
2024-07-01,acme,133.00,2024-08-06T00:00:00Z
2024-08-01,acme,133.00,2024-09-06T00:00:00Z
2024-09-01,acme,133.00,2024-10-06T00:00:00Z
2024-10-01,acme,133.00,2024-11-06T00:00:00Z
2024-11-01,acme,133.00,2024-12-06T00:00:00Z
2024-12-01,acme,133.00,2025-01-06T00:00:00Z
2025-01-01,acme,133.00,2025-02-06T00:00:00Z
2025-02-01,acme,133.00,2025-03-06T00:00:00Z
2025-03-01,acme,133.00,2025-04-06T00:00:00Z
2025-04-01,acme,133.00,2025-05-06T00:00:00Z
2025-05-01,acme,133.00,2025-06-06T00:00:00Z
2025-06-01,acme,133.00,2025-07-06T00:00:00Z
2025-07-01,acme,133.00,2025-08-06T00:00:00Z
2025-08-01,acme,133.00,2025-09-06T00:00:00Z
2025-09-01,acme,133.00,2025-10-06T00:00:00Z
2025-10-01,acme,133.00,2025-11-06T00:00:00Z
2025-11-01,acme,133.00,2025-12-06T00:00:00Z
2025-12-01,acme,133.00,2026-01-06T00:00:00Z
2026-01-01,acme,133.00,2026-02-06T00:00:00Z
2026-02-01,acme,133.00,2026-03-06T00:00:00Z
2026-03-01,acme,133.00,2026-04-06T00:00:00Z
2026-04-01,acme,133.00,2026-05-06T00:00:00Z
2026-05-01,acme,133.00,2026-06-06T00:00:00Z
2026-06-01,acme,133.00,2026-07-06T00:00:00Z
2026-07-01,acme,133.00,2026-08-06T00:00:00Z
2026-08-01,acme,133.00,2026-09-06T00:00:00Z
2026-09-01,acme,133.00,2026-10-06T00:00:00Z
