id	kind	salary	birth_date	joined_on	period	legacy
1	boundary	-100.00	1995-06-15	2010-01-04	2024-02-01	0.00
2	boundary	-100.00	1980-06-15	2010-01-04	2024-02-01	0.00
3	boundary	-100.00	1965-06-15	2010-01-04	2024-02-01	0.00
4	boundary	0.00	1995-06-15	2010-01-04	2024-02-01	0.00
5	boundary	0.00	1980-06-15	2010-01-04	2024-02-01	0.00
6	boundary	0.00	1965-06-15	2010-01-04	2024-02-01	0.00
7	boundary	0.01	1995-06-15	2010-01-04	2024-02-01	0.00
8	boundary	0.01	1980-06-15	2010-01-04	2024-02-01	0.00
9	boundary	0.01	1965-06-15	2010-01-04	2024-02-01	0.00
10	boundary	5999.99	1995-06-15	2010-01-04	2024-02-01	0.00
11	boundary	5999.99	1980-06-15	2010-01-04	2024-02-01	0.00
12	boundary	5999.99	1965-06-15	2010-01-04	2024-02-01	0.00
13	boundary	6000.00	1995-06-15	2010-01-04	2024-02-01	0.00
14	boundary	6000.00	1980-06-15	2010-01-04	2024-02-01	0.00
15	boundary	6000.00	1965-06-15	2010-01-04	2024-02-01	0.00
16	boundary	6000.01	1995-06-15	2010-01-04	2024-02-01	0.00
17	boundary	6000.01	1980-06-15	2010-01-04	2024-02-01	0.00
18	boundary	6000.01	1965-06-15	2010-01-04	2024-02-01	0.00
19	boundary	7333.33	1995-06-15	2010-01-04	2024-02-01	0.00
20	boundary	7333.33	1980-06-15	2010-01-04	2024-02-01	0.00
21	boundary	7333.33	1965-06-15	2010-01-04	2024-02-01	0.00
22	boundary	7333.34	1995-06-15	2010-01-04	2024-02-01	0.00
23	boundary	7333.34	1980-06-15	2010-01-04	2024-02-01	0.00
24	boundary	7333.34	1965-06-15	2010-01-04	2024-02-01	10.00
25	boundary	7714.28	1995-06-15	2010-01-04	2024-02-01	0.00
26	boundary	7714.28	1980-06-15	2010-01-04	2024-02-01	0.00
27	boundary	7714.28	1965-06-15	2010-01-04	2024-02-01	12.85
28	boundary	7714.29	1995-06-15	2010-01-04	2024-02-01	0.00
29	boundary	7714.29	1980-06-15	2010-01-04	2024-02-01	10.00
30	boundary	7714.29	1965-06-15	2010-01-04	2024-02-01	12.85
31	boundary	8399.99	1995-06-15	2010-01-04	2024-02-01	0.00
32	boundary	8399.99	1980-06-15	2010-01-04	2024-02-01	13.99
33	boundary	8399.99	1965-06-15	2010-01-04	2024-02-01	17.99
34	boundary	8400.00	1995-06-15	2010-01-04	2024-02-01	10.00
35	boundary	8400.00	1980-06-15	2010-01-04	2024-02-01	14.00
36	boundary	8400.00	1965-06-15	2010-01-04	2024-02-01	18.00
37	boundary	8400.01	1995-06-15	2010-01-04	2024-02-01	10.00
38	boundary	8400.01	1980-06-15	2010-01-04	2024-02-01	14.00
39	boundary	8400.01	1965-06-15	2010-01-04	2024-02-01	18.00
40	boundary	36000.00	1995-06-15	2010-01-04	2024-02-01	125.00
41	boundary	36000.00	1980-06-15	2010-01-04	2024-02-01	175.00
42	boundary	36000.00	1965-06-15	2010-01-04	2024-02-01	225.00
43	boundary	36123.45	1995-06-15	2010-01-04	2024-02-01	125.51
44	boundary	36123.45	1980-06-15	2010-01-04	2024-02-01	175.72
45	boundary	36123.45	1965-06-15	2010-01-04	2024-02-01	225.92
46	boundary	149999.99	1995-06-15	2010-01-04	2024-02-01	599.99
47	boundary	149999.99	1980-06-15	2010-01-04	2024-02-01	839.99
48	boundary	149999.99	1965-06-15	2010-01-04	2024-02-01	1079.99
49	boundary	150000.00	1995-06-15	2010-01-04	2024-02-01	600.00
50	boundary	150000.00	1980-06-15	2010-01-04	2024-02-01	840.00
51	boundary	150000.00	1965-06-15	2010-01-04	2024-02-01	1080.00
52	boundary	150000.01	1995-06-15	2010-01-04	2024-02-01	600.00
53	boundary	150000.01	1980-06-15	2010-01-04	2024-02-01	840.00
54	boundary	150000.01	1965-06-15	2010-01-04	2024-02-01	1080.00
55	boundary	156000.00	1995-06-15	2010-01-04	2024-02-01	600.00
56	boundary	156000.00	1980-06-15	2010-01-04	2024-02-01	840.00
57	boundary	156000.00	1965-06-15	2010-01-04	2024-02-01	1080.00
58	boundary	250000.00	1995-06-15	2010-01-04	2024-02-01	600.00
59	boundary	250000.00	1980-06-15	2010-01-04	2024-02-01	840.00
60	boundary	250000.00	1965-06-15	2010-01-04	2024-02-01	1080.00
61	boundary	48000.00	1989-01-31	2010-01-04	2024-02-01	245.00
62	boundary	48000.00	1989-02-01	2010-01-04	2024-02-01	245.00
63	boundary	48000.00	1989-02-02	2010-01-04	2024-02-01	245.00
64	boundary	48000.00	1989-02-03	2010-01-04	2024-02-01	245.00
65	boundary	48000.00	1989-02-09	2010-01-04	2024-02-01	245.00
66	boundary	48000.00	1989-02-10	2010-01-04	2024-02-01	175.00
67	boundary	48000.00	1989-02-11	2010-01-04	2024-02-01	175.00
68	boundary	48000.00	1989-02-13	2010-01-04	2024-02-01	175.00
69	boundary	48000.00	1989-02-14	2010-01-04	2024-02-01	175.00
70	boundary	48000.00	1989-03-04	2010-01-04	2024-02-01	175.00
71	boundary	48000.00	1974-01-31	2010-01-04	2024-02-01	315.00
72	boundary	48000.00	1974-02-01	2010-01-04	2024-02-01	315.00
73	boundary	48000.00	1974-02-02	2010-01-04	2024-02-01	315.00
74	boundary	48000.00	1974-02-03	2010-01-04	2024-02-01	315.00
75	boundary	48000.00	1974-02-09	2010-01-04	2024-02-01	315.00
76	boundary	48000.00	1974-02-10	2010-01-04	2024-02-01	315.00
77	boundary	48000.00	1974-02-11	2010-01-04	2024-02-01	315.00
78	boundary	48000.00	1974-02-13	2010-01-04	2024-02-01	315.00
79	boundary	48000.00	1974-02-14	2010-01-04	2024-02-01	245.00
80	boundary	48000.00	1974-03-04	2010-01-04	2024-02-01	245.00
81	boundary	48000.00	1976-02-29	2010-01-04	2024-02-01	245.00
82	boundary	48000.00	1992-02-29	2010-01-04	2024-02-01	175.00
83	boundary	48000.00	1980-06-15	2024-01-31	2024-02-01	245.00
84	boundary	48000.00	1980-06-15	2024-02-01	2024-02-01	245.00
85	boundary	48000.00	1980-06-15	2024-02-15	2024-02-01	245.00
86	boundary	48000.00	1980-06-15	2024-02-16	2024-02-01	0.00
87	boundary	48000.00	1980-06-15	2024-02-29	2024-02-01	0.00
88	boundary	48000.00	1980-06-15	2024-03-01	2024-02-01	0.00
89	boundary	-100.00	1995-06-15	2010-01-04	2024-03-01	0.00
90	boundary	-100.00	1980-06-15	2010-01-04	2024-03-01	0.00
91	boundary	-100.00	1965-06-15	2010-01-04	2024-03-01	0.00
92	boundary	0.00	1995-06-15	2010-01-04	2024-03-01	0.00
93	boundary	0.00	1980-06-15	2010-01-04	2024-03-01	0.00
94	boundary	0.00	1965-06-15	2010-01-04	2024-03-01	0.00
95	boundary	0.01	1995-06-15	2010-01-04	2024-03-01	0.00
96	boundary	0.01	1980-06-15	2010-01-04	2024-03-01	0.00
97	boundary	0.01	1965-06-15	2010-01-04	2024-03-01	0.00
98	boundary	5999.99	1995-06-15	2010-01-04	2024-03-01	0.00
99	boundary	5999.99	1980-06-15	2010-01-04	2024-03-01	0.00
100	boundary	5999.99	1965-06-15	2010-01-04	2024-03-01	0.00
101	boundary	6000.00	1995-06-15	2010-01-04	2024-03-01	0.00
102	boundary	6000.00	1980-06-15	2010-01-04	2024-03-01	0.00
103	boundary	6000.00	1965-06-15	2010-01-04	2024-03-01	0.00
104	boundary	6000.01	1995-06-15	2010-01-04	2024-03-01	0.00
105	boundary	6000.01	1980-06-15	2010-01-04	2024-03-01	0.00
106	boundary	6000.01	1965-06-15	2010-01-04	2024-03-01	0.00
107	boundary	7333.33	1995-06-15	2010-01-04	2024-03-01	0.00
108	boundary	7333.33	1980-06-15	2010-01-04	2024-03-01	0.00
109	boundary	7333.33	1965-06-15	2010-01-04	2024-03-01	0.00
110	boundary	7333.34	1995-06-15	2010-01-04	2024-03-01	0.00
111	boundary	7333.34	1980-06-15	2010-01-04	2024-03-01	0.00
112	boundary	7333.34	1965-06-15	2010-01-04	2024-03-01	10.00
113	boundary	7714.28	1995-06-15	2010-01-04	2024-03-01	0.00
114	boundary	7714.28	1980-06-15	2010-01-04	2024-03-01	0.00
115	boundary	7714.28	1965-06-15	2010-01-04	2024-03-01	12.85
116	boundary	7714.29	1995-06-15	2010-01-04	2024-03-01	0.00
117	boundary	7714.29	1980-06-15	2010-01-04	2024-03-01	10.00
118	boundary	7714.29	1965-06-15	2010-01-04	2024-03-01	12.85
119	boundary	8399.99	1995-06-15	2010-01-04	2024-03-01	0.00
120	boundary	8399.99	1980-06-15	2010-01-04	2024-03-01	13.99
121	boundary	8399.99	1965-06-15	2010-01-04	2024-03-01	17.99
122	boundary	8400.00	1995-06-15	2010-01-04	2024-03-01	10.00
123	boundary	8400.00	1980-06-15	2010-01-04	2024-03-01	14.00
124	boundary	8400.00	1965-06-15	2010-01-04	2024-03-01	18.00
125	boundary	8400.01	1995-06-15	2010-01-04	2024-03-01	10.00
126	boundary	8400.01	1980-06-15	2010-01-04	2024-03-01	14.00
127	boundary	8400.01	1965-06-15	2010-01-04	2024-03-01	18.00
128	boundary	36000.00	1995-06-15	2010-01-04	2024-03-01	125.00
129	boundary	36000.00	1980-06-15	2010-01-04	2024-03-01	175.00
130	boundary	36000.00	1965-06-15	2010-01-04	2024-03-01	225.00
131	boundary	36123.45	1995-06-15	2010-01-04	2024-03-01	125.51
132	boundary	36123.45	1980-06-15	2010-01-04	2024-03-01	175.72
133	boundary	36123.45	1965-06-15	2010-01-04	2024-03-01	225.92
134	boundary	149999.99	1995-06-15	2010-01-04	2024-03-01	599.99
135	boundary	149999.99	1980-06-15	2010-01-04	2024-03-01	839.99
136	boundary	149999.99	1965-06-15	2010-01-04	2024-03-01	1079.99
137	boundary	150000.00	1995-06-15	2010-01-04	2024-03-01	600.00
138	boundary	150000.00	1980-06-15	2010-01-04	2024-03-01	840.00
139	boundary	150000.00	1965-06-15	2010-01-04	2024-03-01	1080.00
140	boundary	150000.01	1995-06-15	2010-01-04	2024-03-01	600.00
141	boundary	150000.01	1980-06-15	2010-01-04	2024-03-01	840.00
142	boundary	150000.01	1965-06-15	2010-01-04	2024-03-01	1080.00
143	boundary	156000.00	1995-06-15	2010-01-04	2024-03-01	600.00
144	boundary	156000.00	1980-06-15	2010-01-04	2024-03-01	840.00
145	boundary	156000.00	1965-06-15	2010-01-04	2024-03-01	1080.00
146	boundary	250000.00	1995-06-15	2010-01-04	2024-03-01	600.00
147	boundary	250000.00	1980-06-15	2010-01-04	2024-03-01	840.00
148	boundary	250000.00	1965-06-15	2010-01-04	2024-03-01	1080.00
149	boundary	48000.00	1989-02-28	2010-01-04	2024-03-01	245.00
150	boundary	48000.00	1989-03-01	2010-01-04	2024-03-01	245.00
151	boundary	48000.00	1989-03-02	2010-01-04	2024-03-01	245.00
152	boundary	48000.00	1989-03-03	2010-01-04	2024-03-01	245.00
153	boundary	48000.00	1989-03-09	2010-01-04	2024-03-01	245.00
154	boundary	48000.00	1989-03-10	2010-01-04	2024-03-01	245.00
155	boundary	48000.00	1989-03-11	2010-01-04	2024-03-01	175.00
156	boundary	48000.00	1989-03-13	2010-01-04	2024-03-01	175.00
157	boundary	48000.00	1989-03-14	2010-01-04	2024-03-01	175.00
158	boundary	48000.00	1989-04-01	2010-01-04	2024-03-01	175.00
159	boundary	48000.00	1974-02-28	2010-01-04	2024-03-01	315.00
160	boundary	48000.00	1974-03-01	2010-01-04	2024-03-01	315.00
161	boundary	48000.00	1974-03-02	2010-01-04	2024-03-01	315.00
162	boundary	48000.00	1974-03-03	2010-01-04	2024-03-01	315.00
163	boundary	48000.00	1974-03-09	2010-01-04	2024-03-01	315.00
164	boundary	48000.00	1974-03-10	2010-01-04	2024-03-01	315.00
165	boundary	48000.00	1974-03-11	2010-01-04	2024-03-01	315.00
166	boundary	48000.00	1974-03-13	2010-01-04	2024-03-01	315.00
167	boundary	48000.00	1974-03-14	2010-01-04	2024-03-01	315.00
168	boundary	48000.00	1974-04-01	2010-01-04	2024-03-01	245.00
169	boundary	48000.00	1976-02-29	2010-01-04	2024-03-01	245.00
170	boundary	48000.00	1992-02-29	2010-01-04	2024-03-01	175.00
171	boundary	48000.00	1980-06-15	2024-02-29	2024-03-01	245.00
172	boundary	48000.00	1980-06-15	2024-03-01	2024-03-01	245.00
173	boundary	48000.00	1980-06-15	2024-03-15	2024-03-01	245.00
174	boundary	48000.00	1980-06-15	2024-03-16	2024-03-01	0.00
175	boundary	48000.00	1980-06-15	2024-03-31	2024-03-01	0.00
176	boundary	48000.00	1980-06-15	2024-04-01	2024-03-01	0.00
177	boundary	-100.00	1995-06-15	2010-01-04	2025-07-01	0.00
178	boundary	-100.00	1980-06-15	2010-01-04	2025-07-01	0.00
179	boundary	-100.00	1965-06-15	2010-01-04	2025-07-01	0.00
180	boundary	0.00	1995-06-15	2010-01-04	2025-07-01	0.00
181	boundary	0.00	1980-06-15	2010-01-04	2025-07-01	0.00
182	boundary	0.00	1965-06-15	2010-01-04	2025-07-01	0.00
183	boundary	0.01	1995-06-15	2010-01-04	2025-07-01	0.00
184	boundary	0.01	1980-06-15	2010-01-04	2025-07-01	0.00
185	boundary	0.01	1965-06-15	2010-01-04	2025-07-01	0.00
186	boundary	5999.99	1995-06-15	2010-01-04	2025-07-01	0.00
187	boundary	5999.99	1980-06-15	2010-01-04	2025-07-01	0.00
188	boundary	5999.99	1965-06-15	2010-01-04	2025-07-01	0.00
189	boundary	6000.00	1995-06-15	2010-01-04	2025-07-01	0.00
190	boundary	6000.00	1980-06-15	2010-01-04	2025-07-01	0.00
191	boundary	6000.00	1965-06-15	2010-01-04	2025-07-01	0.00
192	boundary	6000.01	1995-06-15	2010-01-04	2025-07-01	0.00
193	boundary	6000.01	1980-06-15	2010-01-04	2025-07-01	0.00
194	boundary	6000.01	1965-06-15	2010-01-04	2025-07-01	0.00
195	boundary	7333.33	1995-06-15	2010-01-04	2025-07-01	0.00
196	boundary	7333.33	1980-06-15	2010-01-04	2025-07-01	0.00
197	boundary	7333.33	1965-06-15	2010-01-04	2025-07-01	0.00
198	boundary	7333.34	1995-06-15	2010-01-04	2025-07-01	0.00
199	boundary	7333.34	1980-06-15	2010-01-04	2025-07-01	0.00
200	boundary	7333.34	1965-06-15	2010-01-04	2025-07-01	10.00
201	boundary	7714.28	1995-06-15	2010-01-04	2025-07-01	0.00
202	boundary	7714.28	1980-06-15	2010-01-04	2025-07-01	0.00
203	boundary	7714.28	1965-06-15	2010-01-04	2025-07-01	12.85
204	boundary	7714.29	1995-06-15	2010-01-04	2025-07-01	0.00
205	boundary	7714.29	1980-06-15	2010-01-04	2025-07-01	10.00
206	boundary	7714.29	1965-06-15	2010-01-04	2025-07-01	12.85
207	boundary	8399.99	1995-06-15	2010-01-04	2025-07-01	0.00
208	boundary	8399.99	1980-06-15	2010-01-04	2025-07-01	13.99
209	boundary	8399.99	1965-06-15	2010-01-04	2025-07-01	17.99
210	boundary	8400.00	1995-06-15	2010-01-04	2025-07-01	10.00
211	boundary	8400.00	1980-06-15	2010-01-04	2025-07-01	14.00
212	boundary	8400.00	1965-06-15	2010-01-04	2025-07-01	18.00
213	boundary	8400.01	1995-06-15	2010-01-04	2025-07-01	10.00
214	boundary	8400.01	1980-06-15	2010-01-04	2025-07-01	14.00
215	boundary	8400.01	1965-06-15	2010-01-04	2025-07-01	18.00
216	boundary	36000.00	1995-06-15	2010-01-04	2025-07-01	125.00
217	boundary	36000.00	1980-06-15	2010-01-04	2025-07-01	175.00
218	boundary	36000.00	1965-06-15	2010-01-04	2025-07-01	225.00
219	boundary	36123.45	1995-06-15	2010-01-04	2025-07-01	125.51
220	boundary	36123.45	1980-06-15	2010-01-04	2025-07-01	175.72
221	boundary	36123.45	1965-06-15	2010-01-04	2025-07-01	225.92
222	boundary	149999.99	1995-06-15	2010-01-04	2025-07-01	599.99
223	boundary	149999.99	1980-06-15	2010-01-04	2025-07-01	839.99
224	boundary	149999.99	1965-06-15	2010-01-04	2025-07-01	1079.99
225	boundary	150000.00	1995-06-15	2010-01-04	2025-07-01	600.00
226	boundary	150000.00	1980-06-15	2010-01-04	2025-07-01	840.00
227	boundary	150000.00	1965-06-15	2010-01-04	2025-07-01	1080.00
228	boundary	150000.01	1995-06-15	2010-01-04	2025-07-01	600.00
229	boundary	150000.01	1980-06-15	2010-01-04	2025-07-01	840.00
230	boundary	150000.01	1965-06-15	2010-01-04	2025-07-01	1080.00
231	boundary	156000.00	1995-06-15	2010-01-04	2025-07-01	600.00
232	boundary	156000.00	1980-06-15	2010-01-04	2025-07-01	840.00
233	boundary	156000.00	1965-06-15	2010-01-04	2025-07-01	1080.00
234	boundary	250000.00	1995-06-15	2010-01-04	2025-07-01	600.00
235	boundary	250000.00	1980-06-15	2010-01-04	2025-07-01	840.00
236	boundary	250000.00	1965-06-15	2010-01-04	2025-07-01	1080.00
237	boundary	48000.00	1990-06-30	2010-01-04	2025-07-01	245.00
238	boundary	48000.00	1990-07-01	2010-01-04	2025-07-01	245.00
239	boundary	48000.00	1990-07-02	2010-01-04	2025-07-01	245.00
240	boundary	48000.00	1990-07-03	2010-01-04	2025-07-01	245.00
241	boundary	48000.00	1990-07-09	2010-01-04	2025-07-01	245.00
242	boundary	48000.00	1990-07-10	2010-01-04	2025-07-01	245.00
243	boundary	48000.00	1990-07-11	2010-01-04	2025-07-01	175.00
244	boundary	48000.00	1990-07-13	2010-01-04	2025-07-01	175.00
245	boundary	48000.00	1990-07-14	2010-01-04	2025-07-01	175.00
246	boundary	48000.00	1990-08-01	2010-01-04	2025-07-01	175.00
247	boundary	48000.00	1975-06-30	2010-01-04	2025-07-01	315.00
248	boundary	48000.00	1975-07-01	2010-01-04	2025-07-01	315.00
249	boundary	48000.00	1975-07-02	2010-01-04	2025-07-01	315.00
250	boundary	48000.00	1975-07-03	2010-01-04	2025-07-01	315.00
251	boundary	48000.00	1975-07-09	2010-01-04	2025-07-01	315.00
252	boundary	48000.00	1975-07-10	2010-01-04	2025-07-01	315.00
253	boundary	48000.00	1975-07-11	2010-01-04	2025-07-01	315.00
254	boundary	48000.00	1975-07-13	2010-01-04	2025-07-01	315.00
255	boundary	48000.00	1975-07-14	2010-01-04	2025-07-01	315.00
256	boundary	48000.00	1975-08-01	2010-01-04	2025-07-01	245.00
257	boundary	48000.00	1976-02-29	2010-01-04	2025-07-01	245.00
258	boundary	48000.00	1992-02-29	2010-01-04	2025-07-01	175.00
259	boundary	48000.00	1980-06-15	2025-06-30	2025-07-01	245.00
260	boundary	48000.00	1980-06-15	2025-07-01	2025-07-01	245.00
261	boundary	48000.00	1980-06-15	2025-07-15	2025-07-01	245.00
262	boundary	48000.00	1980-06-15	2025-07-16	2025-07-01	0.00
263	boundary	48000.00	1980-06-15	2025-07-31	2025-07-01	0.00
264	boundary	48000.00	1980-06-15	2025-08-01	2025-07-01	0.00
265	boundary	-100.00	1995-06-15	2010-01-04	2026-03-01	0.00
266	boundary	-100.00	1980-06-15	2010-01-04	2026-03-01	0.00
267	boundary	-100.00	1965-06-15	2010-01-04	2026-03-01	0.00
268	boundary	0.00	1995-06-15	2010-01-04	2026-03-01	0.00
269	boundary	0.00	1980-06-15	2010-01-04	2026-03-01	0.00
270	boundary	0.00	1965-06-15	2010-01-04	2026-03-01	0.00
271	boundary	0.01	1995-06-15	2010-01-04	2026-03-01	0.00
272	boundary	0.01	1980-06-15	2010-01-04	2026-03-01	0.00
273	boundary	0.01	1965-06-15	2010-01-04	2026-03-01	0.00
274	boundary	5999.99	1995-06-15	2010-01-04	2026-03-01	0.00
275	boundary	5999.99	1980-06-15	2010-01-04	2026-03-01	0.00
276	boundary	5999.99	1965-06-15	2010-01-04	2026-03-01	0.00
277	boundary	6000.00	1995-06-15	2010-01-04	2026-03-01	0.00
278	boundary	6000.00	1980-06-15	2010-01-04	2026-03-01	0.00
279	boundary	6000.00	1965-06-15	2010-01-04	2026-03-01	0.00
280	boundary	6000.01	1995-06-15	2010-01-04	2026-03-01	0.00
281	boundary	6000.01	1980-06-15	2010-01-04	2026-03-01	0.00
282	boundary	6000.01	1965-06-15	2010-01-04	2026-03-01	0.00
283	boundary	7333.33	1995-06-15	2010-01-04	2026-03-01	0.00
284	boundary	7333.33	1980-06-15	2010-01-04	2026-03-01	0.00
285	boundary	7333.33	1965-06-15	2010-01-04	2026-03-01	0.00
286	boundary	7333.34	1995-06-15	2010-01-04	2026-03-01	0.00
287	boundary	7333.34	1980-06-15	2010-01-04	2026-03-01	0.00
288	boundary	7333.34	1965-06-15	2010-01-04	2026-03-01	10.00
289	boundary	7714.28	1995-06-15	2010-01-04	2026-03-01	0.00
290	boundary	7714.28	1980-06-15	2010-01-04	2026-03-01	0.00
291	boundary	7714.28	1965-06-15	2010-01-04	2026-03-01	12.85
292	boundary	7714.29	1995-06-15	2010-01-04	2026-03-01	0.00
293	boundary	7714.29	1980-06-15	2010-01-04	2026-03-01	10.00
294	boundary	7714.29	1965-06-15	2010-01-04	2026-03-01	12.85
295	boundary	8399.99	1995-06-15	2010-01-04	2026-03-01	0.00
296	boundary	8399.99	1980-06-15	2010-01-04	2026-03-01	13.99
297	boundary	8399.99	1965-06-15	2010-01-04	2026-03-01	17.99
298	boundary	8400.00	1995-06-15	2010-01-04	2026-03-01	10.00
299	boundary	8400.00	1980-06-15	2010-01-04	2026-03-01	14.00
300	boundary	8400.00	1965-06-15	2010-01-04	2026-03-01	18.00
301	boundary	8400.01	1995-06-15	2010-01-04	2026-03-01	10.00
302	boundary	8400.01	1980-06-15	2010-01-04	2026-03-01	14.00
303	boundary	8400.01	1965-06-15	2010-01-04	2026-03-01	18.00
304	boundary	36000.00	1995-06-15	2010-01-04	2026-03-01	125.00
305	boundary	36000.00	1980-06-15	2010-01-04	2026-03-01	175.00
306	boundary	36000.00	1965-06-15	2010-01-04	2026-03-01	225.00
307	boundary	36123.45	1995-06-15	2010-01-04	2026-03-01	125.51
308	boundary	36123.45	1980-06-15	2010-01-04	2026-03-01	175.72
309	boundary	36123.45	1965-06-15	2010-01-04	2026-03-01	225.92
310	boundary	149999.99	1995-06-15	2010-01-04	2026-03-01	599.99
311	boundary	149999.99	1980-06-15	2010-01-04	2026-03-01	839.99
312	boundary	149999.99	1965-06-15	2010-01-04	2026-03-01	1079.99
313	boundary	150000.00	1995-06-15	2010-01-04	2026-03-01	600.00
314	boundary	150000.00	1980-06-15	2010-01-04	2026-03-01	840.00
315	boundary	150000.00	1965-06-15	2010-01-04	2026-03-01	1080.00
316	boundary	150000.01	1995-06-15	2010-01-04	2026-03-01	600.00
317	boundary	150000.01	1980-06-15	2010-01-04	2026-03-01	840.00
318	boundary	150000.01	1965-06-15	2010-01-04	2026-03-01	1080.00
319	boundary	156000.00	1995-06-15	2010-01-04	2026-03-01	600.00
320	boundary	156000.00	1980-06-15	2010-01-04	2026-03-01	840.00
321	boundary	156000.00	1965-06-15	2010-01-04	2026-03-01	1080.00
322	boundary	250000.00	1995-06-15	2010-01-04	2026-03-01	600.00
323	boundary	250000.00	1980-06-15	2010-01-04	2026-03-01	840.00
324	boundary	250000.00	1965-06-15	2010-01-04	2026-03-01	1080.00
325	boundary	48000.00	1991-02-28	2010-01-04	2026-03-01	245.00
326	boundary	48000.00	1991-03-01	2010-01-04	2026-03-01	245.00
327	boundary	48000.00	1991-03-02	2010-01-04	2026-03-01	245.00
328	boundary	48000.00	1991-03-03	2010-01-04	2026-03-01	245.00
329	boundary	48000.00	1991-03-09	2010-01-04	2026-03-01	245.00
330	boundary	48000.00	1991-03-10	2010-01-04	2026-03-01	245.00
331	boundary	48000.00	1991-03-11	2010-01-04	2026-03-01	175.00
332	boundary	48000.00	1991-03-13	2010-01-04	2026-03-01	175.00
333	boundary	48000.00	1991-03-14	2010-01-04	2026-03-01	175.00
334	boundary	48000.00	1991-04-01	2010-01-04	2026-03-01	175.00
335	boundary	48000.00	1976-02-29	2010-01-04	2026-03-01	315.00
336	boundary	48000.00	1976-03-01	2010-01-04	2026-03-01	315.00
337	boundary	48000.00	1976-03-02	2010-01-04	2026-03-01	315.00
338	boundary	48000.00	1976-03-03	2010-01-04	2026-03-01	315.00
339	boundary	48000.00	1976-03-09	2010-01-04	2026-03-01	315.00
340	boundary	48000.00	1976-03-10	2010-01-04	2026-03-01	315.00
341	boundary	48000.00	1976-03-11	2010-01-04	2026-03-01	315.00
342	boundary	48000.00	1976-03-13	2010-01-04	2026-03-01	315.00
343	boundary	48000.00	1976-03-14	2010-01-04	2026-03-01	245.00
344	boundary	48000.00	1976-04-01	2010-01-04	2026-03-01	245.00
345	boundary	48000.00	1976-02-29	2010-01-04	2026-03-01	315.00
346	boundary	48000.00	1992-02-29	2010-01-04	2026-03-01	175.00
347	boundary	48000.00	1980-06-15	2026-02-28	2026-03-01	245.00
348	boundary	48000.00	1980-06-15	2026-03-01	2026-03-01	245.00
349	boundary	48000.00	1980-06-15	2026-03-15	2026-03-01	245.00
350	boundary	48000.00	1980-06-15	2026-03-16	2026-03-01	0.00
351	boundary	48000.00	1980-06-15	2026-03-31	2026-03-01	0.00
352	boundary	48000.00	1980-06-15	2026-04-01	2026-03-01	0.00
353	random	53189.46	1958-05-18	2017-06-20	2025-08-01	353.92
354	random	51085.62	1984-01-29	2002-04-16	2020-01-01	262.99
355	random	56348.47	1981-01-28	2004-11-15	2023-12-01	293.69
356	random	118927.40	1992-01-31	2007-08-26	2027-12-01	658.74
357	random	50131.83	1966-07-26	2025-10-07	2025-11-01	330.98
358	random	3353.75	1971-09-20	2026-09-21	2026-09-01	0.00
359	random	61114.28	1960-01-11	2021-01-02	2020-12-01	0.00
360	random	78974.02	1983-01-05	2021-12-28	2021-12-01	0.00
361	random	74647.44	1992-03-23	2016-08-30	2024-10-01	286.03
362	random	206010.97	1954-05-25	2020-04-09	2020-03-01	0.00
363	random	33853.87	1965-11-07	2023-09-07	2023-08-01	0.00
364	random	9684.81	1962-11-13	2013-09-15	2024-11-01	27.63
365	random	9110.49	1993-07-22	2025-08-28	2026-12-01	12.96
366	random	221356.25	1963-05-06	2023-02-08	2023-01-01	0.00
367	random	36967.94	2004-08-11	2020-05-18	2020-06-01	129.03
368	random	109549.95	1983-02-13	2026-02-01	2026-03-01	604.04
369	random	28322.57	1961-03-09	2008-03-13	2025-08-01	167.41
370	random	136121.11	1971-12-16	2020-02-02	2022-01-01	975.90
371	random	99584.01	1963-09-13	2005-10-15	2025-05-01	701.88
372	random	1035.25	1994-10-28	2027-01-09	2027-02-01	0.00
373	random	35457.50	1954-11-03	2000-11-29	2022-11-01	220.93
374	random	90959.34	1978-04-05	2018-04-06	2027-05-01	495.59
375	random	81067.52	1991-01-30	2007-12-06	2023-08-01	312.78
376	random	69467.81	1968-12-30	2009-01-15	2020-03-01	476.00
377	random	33938.27	1987-05-02	2006-09-07	2021-04-01	116.40
378	random	40560.29	1998-09-30	2004-07-24	2026-12-01	144.00
379	random	65231.38	1967-01-11	2027-07-07	2027-07-01	444.23
380	random	82829.09	1960-08-26	2026-09-11	2026-10-01	576.21
381	random	3422.03	1950-09-15	2000-03-30	2020-02-01	0.00
382	random	69158.07	1953-04-28	2001-09-03	2020-08-01	473.68
383	random	57190.85	1980-06-04	2023-06-29	2023-07-01	298.61
384	random	28929.54	1994-07-07	2008-02-08	2025-10-01	95.53
385	random	113060.38	1988-03-27	2002-09-14	2021-09-01	446.08
386	random	226024.01	1982-05-20	2023-04-09	2024-07-01	840.00
387	random	63822.73	1950-10-25	2025-11-11	2025-11-01	433.67
388	random	53792.90	1995-11-20	2027-08-10	2027-07-01	0.00
389	random	189079.24	1957-05-09	2015-03-13	2022-09-01	1080.00
390	random	127905.81	1987-06-18	2022-03-28	2022-03-01	0.00
391	random	82273.67	1957-03-28	2020-07-11	2020-07-01	572.05
392	random	81098.88	1972-12-19	2027-06-10	2027-05-01	0.00
393	random	80723.37	2001-11-19	2004-02-22	2026-12-01	311.34
394	random	40986.49	1956-08-03	2002-04-01	2020-06-01	262.39
395	random	89695.48	1959-12-30	2013-12-26	2023-08-01	627.71
396	random	134170.53	1972-02-27	2026-04-21	2026-05-01	961.27
397	random	63496.51	1984-05-28	2001-07-05	2023-03-01	335.39
398	random	5400.28	1964-03-19	2024-04-19	2024-04-01	0.00
399	random	16404.13	1960-04-01	2011-01-11	2024-08-01	78.03
400	random	108351.75	1993-10-12	2020-05-04	2023-01-01	426.46
401	random	127158.70	1961-03-27	2003-11-10	2025-02-01	908.69
402	random	138778.42	1977-08-30	2001-03-22	2022-08-01	774.54
403	random	64246.95	1971-01-24	2012-09-02	2023-06-01	436.85
404	random	99375.42	1996-03-24	2021-06-02	2021-06-01	389.06
405	random	144960.13	1984-07-02	2000-06-25	2027-05-01	810.60
406	random	110361.75	1967-12-19	2026-08-29	2026-09-01	782.71
407	random	54983.02	1976-03-10	2021-07-27	2021-07-01	0.00
408	random	53220.54	1972-11-24	2010-07-01	2020-05-01	275.45
409	random	23303.05	1996-11-27	2008-06-22	2023-04-01	72.09
410	random	801.78	1990-05-15	2021-01-09	2021-02-01	0.00
411	random	291233.52	1953-02-12	2014-12-05	2020-05-01	1080.00
412	random	114070.71	1965-12-31	2009-09-12	2020-12-01	810.53
413	random	144420.80	1996-10-21	2018-05-11	2024-06-01	576.75
414	random	135010.45	1954-08-10	2021-08-06	2024-05-01	967.57
415	random	82954.23	1954-02-19	2027-04-28	2027-05-01	577.15
416	random	12098.70	1989-04-06	2020-04-30	2023-01-01	25.41
417	random	139765.62	1970-10-23	2014-09-11	2025-04-01	1003.24
418	random	56007.57	1962-01-25	2008-07-19	2027-12-01	375.05
419	random	292903.55	1955-02-05	2022-05-04	2022-04-01	0.00
420	random	48636.91	1976-05-16	2008-08-23	2021-06-01	248.71
421	random	43927.68	1972-02-17	2004-11-27	2026-07-01	284.45
422	random	112046.33	1998-12-29	2003-09-27	2024-12-01	441.85
423	random	40081.11	1953-08-24	2004-02-02	2020-12-01	255.60
424	random	26259.58	1990-08-15	2008-11-13	2020-11-01	84.41
425	random	100708.85	1990-09-06	2014-11-19	2023-10-01	394.62
426	random	107539.01	1972-01-25	2022-05-31	2023-08-01	761.54
427	random	70735.29	1988-02-04	2014-12-26	2025-09-01	377.62
428	random	101489.84	1987-02-05	2011-01-19	2027-05-01	557.02
429	random	19131.20	1982-07-07	2009-07-23	2022-11-01	76.59
430	random	145318.96	1977-12-28	2022-05-25	2022-05-01	0.00
431	random	20434.52	1988-04-14	2022-07-08	2022-06-01	0.00
432	random	258345.35	1975-02-18	2021-11-16	2021-12-01	840.00
433	random	49162.14	2001-02-09	2010-06-30	2027-07-01	179.84
434	random	22308.22	2004-09-16	2024-03-11	2024-04-01	67.95
435	random	250169.52	1993-04-27	2022-01-18	2022-02-01	600.00
436	random	4127.16	1957-03-08	2006-05-10	2022-05-01	0.00
437	random	16256.38	1987-02-15	2019-02-01	2026-12-01	59.82
438	random	149381.70	2001-04-13	2003-12-18	2021-03-01	597.42
439	random	68935.82	1989-11-16	2006-03-12	2021-08-01	262.23
440	random	20634.79	1964-11-29	2006-02-07	2027-09-01	109.76
441	random	103234.64	1957-03-04	2020-12-11	2021-01-01	729.25
442	random	6730.35	1976-02-13	2008-12-25	2020-12-01	0.00
443	random	143897.14	1983-06-08	2001-09-12	2025-05-01	804.39
444	random	106500.27	1983-06-22	2017-09-23	2025-12-01	586.25
445	random	58775.54	1999-12-14	2011-07-03	2026-07-01	219.89
446	random	146947.80	1974-02-27	2020-01-17	2020-02-01	822.19
447	random	123371.91	1978-03-08	2008-03-06	2027-04-01	684.66
448	random	260852.69	1996-07-10	2016-05-10	2022-12-01	600.00
449	random	65907.85	2001-04-05	2009-08-02	2026-04-01	249.61
450	random	33956.34	1950-10-11	2005-02-16	2026-03-01	209.67
451	random	80956.71	1966-05-10	2002-10-29	2020-05-01	562.17
452	random	92161.38	1993-05-12	2015-06-06	2021-08-01	359.00
453	random	1513.51	1970-07-06	2008-12-04	2027-01-01	0.00
454	random	129067.10	1963-01-04	2022-07-12	2027-12-01	923.00
455	random	71324.95	1962-02-28	2022-02-07	2022-08-01	489.93
456	random	65596.07	2000-06-08	2024-10-31	2024-10-01	0.00
457	random	2428.03	1957-08-09	2027-05-02	2027-06-01	0.00
458	random	47942.52	1985-01-24	2013-07-23	2025-04-01	244.66
459	random	225255.24	1998-10-18	2003-01-30	2022-09-01	600.00
460	random	38033.28	2004-09-09	2012-10-23	2022-09-01	133.47
461	random	85213.38	1987-10-01	2023-12-30	2024-01-01	462.07
462	random	119405.43	1989-08-21	2014-01-21	2027-09-01	661.53
463	random	106558.29	1956-02-01	2017-10-08	2024-09-01	754.18
464	random	235452.95	2000-11-20	2009-07-02	2021-10-01	600.00
465	random	38326.98	1977-01-01	2009-08-30	2023-11-01	188.57
466	random	143252.67	1971-08-04	2000-04-29	2023-08-01	1029.39
467	random	19487.69	1960-05-23	2020-06-15	2026-01-01	101.15
468	random	92779.66	1978-08-06	2020-08-03	2020-09-01	506.21
469	random	127902.42	1983-01-06	2013-04-11	2023-01-01	711.09
470	random	5679.38	1950-11-17	2013-02-09	2021-07-01	0.00
471	random	68455.57	1969-02-14	2024-06-30	2024-06-01	0.00
472	random	75366.86	1950-09-08	2027-04-13	2027-03-01	0.00
473	random	43649.64	2002-06-08	2016-01-19	2021-04-01	156.87
474	random	88034.14	2001-01-14	2020-02-18	2027-09-01	341.80
475	random	65847.73	1984-08-16	2000-09-26	2023-02-01	349.11
476	random	98719.22	1976-10-25	2008-11-30	2024-10-01	540.86
477	random	178000.50	1977-12-21	2011-03-10	2021-09-01	840.00
478	random	70977.39	1991-09-29	2020-01-21	2027-01-01	379.03
479	random	127010.69	1969-11-18	2020-08-28	2024-04-01	907.58
480	random	134793.03	2004-02-08	2024-09-09	2024-09-01	536.63
481	random	165097.81	1957-05-17	2018-09-26	2022-07-01	1080.00
482	random	90040.11	1987-11-24	2002-11-02	2021-12-01	350.16
483	random	114435.67	1995-12-31	2020-06-02	2021-12-01	451.81
484	random	63526.77	1952-03-01	2009-04-05	2022-05-01	431.45
485	random	47070.54	1993-06-20	2015-01-29	2020-08-01	171.12
486	random	107431.70	1951-09-14	2011-01-07	2026-08-01	760.73
487	random	231063.97	1951-02-28	2014-03-05	2027-03-01	1080.00
488	random	21284.79	2001-08-26	2003-09-22	2020-02-01	63.68
489	random	257069.71	1985-07-18	2009-05-27	2022-12-01	840.00
490	random	53721.55	1968-03-14	2027-01-14	2026-12-01	0.00
491	random	94865.14	1983-08-25	2024-02-15	2025-06-01	518.37
492	random	71850.51	1977-08-12	2021-07-10	2021-06-01	0.00
493	random	19106.19	2002-07-25	2020-02-26	2020-02-01	0.00
494	random	59152.88	1965-11-06	2015-09-14	2025-07-01	398.64
495	random	254956.72	1963-03-21	2011-03-06	2022-05-01	1080.00
496	random	37561.92	1959-10-13	2013-02-21	2027-11-01	236.71
497	random	109691.26	1986-12-01	2026-12-24	2027-01-01	604.86
498	random	32970.18	1963-12-21	2018-07-08	2026-05-01	202.27
499	random	88415.87	1979-06-23	2024-03-30	2024-03-01	0.00
500	random	42508.99	1953-05-26	2013-06-24	2020-03-01	273.81
501	random	55842.08	1955-04-27	2006-11-06	2026-11-01	373.81
502	random	38454.81	1985-12-22	2006-03-29	2027-11-01	189.31
503	random	30929.09	1968-12-04	2001-02-25	2022-06-01	186.96
504	random	5963.97	1957-06-19	2026-06-22	2026-06-01	0.00
505	random	62244.16	1957-01-06	2005-09-09	2022-06-01	421.83
506	random	78323.27	1961-04-28	2007-02-26	2020-08-01	542.42
507	random	33161.77	1998-03-19	2022-03-24	2026-09-01	113.17
508	random	23307.32	1958-01-20	2026-09-15	2026-10-01	129.80
509	random	113866.07	1966-01-08	2013-12-11	2020-07-01	808.99
510	random	21319.15	1984-08-23	2001-04-28	2025-06-01	89.36
511	random	165624.94	1997-05-27	2020-11-29	2021-09-01	600.00
512	random	24779.50	1981-05-10	2022-12-08	2024-05-01	109.54
513	random	295794.09	2001-06-03	2008-07-19	2020-05-01	600.00
514	random	132198.24	2001-08-31	2018-06-29	2021-03-01	525.82
515	random	54165.57	1984-11-22	2020-03-11	2020-03-01	280.96
516	random	7639.12	2003-08-22	2004-11-25	2021-02-01	0.00
517	random	235122.85	1965-06-29	2017-03-07	2025-01-01	1080.00
518	random	41189.83	1958-07-10	2018-01-25	2023-11-01	263.92
519	random	133944.74	1986-04-21	2002-05-30	2020-09-01	533.10
520	random	30279.55	1952-09-22	2020-04-21	2020-04-01	0.00
521	random	109929.91	1993-12-24	2020-10-15	2027-04-01	433.04
522	random	39234.95	1996-05-09	2019-09-08	2023-03-01	138.47
523	random	23666.28	1973-08-23	2006-02-17	2021-05-01	103.05
524	random	198841.63	1992-02-02	2005-07-14	2027-12-01	840.00
525	random	91251.76	1973-09-24	2014-08-22	2020-04-01	497.30
526	random	136581.67	1967-06-27	2017-06-16	2020-10-01	979.36
527	random	142469.12	1986-05-08	2023-08-24	2027-06-01	796.06
528	random	52191.76	1961-11-29	2012-11-18	2022-09-01	346.43
529	random	27942.54	1963-02-14	2010-07-01	2022-11-01	164.56
530	random	7837.51	1965-09-22	2021-12-06	2027-08-01	13.78
531	random	91372.19	1976-10-08	2007-09-02	2027-07-01	640.29
532	random	136546.18	1989-10-08	2014-04-14	2026-04-01	761.51
533	random	17495.15	1989-09-18	2000-04-11	2024-09-01	47.89
534	random	143908.57	1954-07-17	2000-12-25	2026-11-01	1034.31
535	random	94662.25	1994-02-25	2008-10-02	2021-04-01	369.42
536	random	3568.77	1996-06-24	2005-06-01	2027-07-01	0.00
537	random	146166.63	1976-02-09	2020-12-10	2026-11-01	1051.24
538	random	126977.59	1975-03-15	2004-06-22	2021-04-01	705.70
539	random	75986.76	1959-05-04	2023-05-05	2023-05-01	524.90
540	random	233.59	1979-08-10	2020-11-20	2021-03-01	0.00
541	random	90451.69	1964-10-28	2017-04-27	2025-11-01	633.38
542	random	85238.60	2002-05-17	2012-04-28	2023-05-01	330.16
543	random	81493.92	1982-01-10	2001-04-30	2026-12-01	440.38
544	random	145116.11	1969-01-31	2000-06-06	2021-05-01	1043.37
545	random	170764.97	1982-08-12	2012-04-03	2027-02-01	840.00
546	random	46633.29	1969-02-01	2003-02-10	2023-06-01	304.74
547	random	48158.96	1988-11-19	2013-08-17	2027-02-01	245.92
548	random	76308.39	1951-11-25	2023-02-10	2023-03-01	527.31
549	random	47258.44	1999-05-12	2012-02-25	2020-07-01	171.91
550	random	67109.83	2003-08-05	2017-06-27	2026-10-01	254.62
551	random	5511.71	1990-03-21	2021-06-15	2025-07-01	0.00
552	random	68708.68	1964-02-20	2010-09-03	2023-12-01	470.31
553	random	33514.20	1951-08-01	2012-09-02	2023-01-01	206.35
554	random	47644.45	1954-06-09	2021-12-05	2024-09-01	312.33
555	random	118775.01	1997-12-05	2012-01-09	2021-11-01	469.89
556	random	10764.46	1954-05-27	2020-12-25	2025-12-01	35.73
557	random	101680.54	1972-03-14	2009-10-22	2026-01-01	717.60
558	random	66252.64	1991-08-06	2021-02-24	2023-10-01	251.05
559	random	2393.56	1991-05-31	2003-07-13	2025-07-01	0.00
560	random	67243.75	1957-03-22	2018-02-26	2021-04-01	459.32
561	random	43329.10	1975-09-16	2022-06-07	2022-06-01	217.75
562	random	132789.44	1999-07-26	2013-06-03	2025-12-01	528.28
563	random	58013.22	1991-06-04	2010-10-24	2024-10-01	216.72
564	random	6207.69	1954-01-08	2000-03-04	2026-02-01	0.00
565	random	35841.63	1965-07-10	2020-02-12	2021-08-01	223.81
566	random	33042.95	1986-03-08	2000-01-31	2026-01-01	157.75
567	random	121260.70	1951-08-22	2026-09-09	2026-10-01	864.45
568	random	139226.16	1971-04-06	2022-01-20	2022-01-01	0.00
569	random	35189.43	1972-06-06	2007-04-18	2024-08-01	218.92
570	random	43539.66	1955-01-03	2010-06-01	2021-01-01	281.54
571	random	30194.26	1958-12-01	2022-04-22	2023-10-01	181.45
572	random	97997.74	1999-04-24	2011-12-21	2027-06-01	383.32
573	random	273079.50	1978-11-30	2022-01-16	2023-09-01	840.00
574	random	119339.83	2004-11-15	2020-10-18	2027-04-01	472.24
575	random	86678.23	1968-05-02	2014-09-08	2020-01-01	605.08
576	random	59304.22	1979-07-05	2004-07-11	2021-02-01	310.94
577	random	66481.56	1977-02-11	2010-06-10	2022-12-01	352.80
578	random	50792.76	1990-07-12	2017-03-25	2024-06-01	186.63
579	random	102720.20	1960-11-10	2010-01-28	2022-04-01	725.40
580	random	248569.16	1983-06-10	2020-01-20	2026-01-01	840.00
581	random	87085.58	1992-04-01	2018-11-27	2023-01-01	337.85
582	random	208334.60	1999-03-07	2026-11-26	2026-12-01	600.00
583	random	67872.69	1962-06-29	2019-03-12	2027-02-01	464.04
584	random	266959.73	1962-05-23	2020-10-02	2027-02-01	1080.00
585	random	297299.95	1995-03-12	2013-11-15	2026-07-01	600.00
586	random	16183.94	1999-06-10	2011-01-06	2022-04-01	42.43
587	random	141699.44	1999-06-24	2021-10-13	2021-11-01	565.41
588	random	109441.40	1963-03-03	2006-03-13	2021-12-01	775.81
589	random	109840.75	1973-05-01	2004-02-04	2020-09-01	605.73
590	random	156143.07	1964-04-26	2023-12-25	2023-12-01	0.00
591	random	4787.39	1967-05-05	2014-03-09	2021-10-01	0.00
592	random	11297.95	1960-12-19	2015-11-29	2025-04-01	39.73
593	random	136583.34	1997-09-30	2013-06-09	2022-06-01	544.09
594	random	240482.93	1983-12-17	2012-05-18	2021-03-01	840.00
595	random	57423.29	1951-03-02	2027-04-19	2027-05-01	385.67
596	random	32538.97	1992-01-12	2014-06-06	2024-02-01	110.57
597	random	92353.23	1993-01-22	2012-07-21	2021-11-01	359.80
598	random	38938.06	1988-08-14	2014-07-26	2024-02-01	192.13
599	random	17751.44	1994-08-19	2016-11-07	2021-10-01	48.96
600	random	51355.39	1997-11-14	2003-12-12	2025-01-01	188.98
601	random	31359.66	1978-09-05	2015-08-29	2021-11-01	147.93
602	random	27915.24	1952-07-20	2022-10-30	2026-05-01	164.36
603	random	88310.44	1954-01-17	2008-02-15	2023-07-01	617.32
604	random	149207.42	1996-03-20	2020-11-30	2020-12-01	596.69
605	random	3304.90	1991-09-03	2012-11-08	2027-04-01	0.00
606	random	100476.57	1951-12-05	2024-06-12	2024-06-01	708.57
607	random	16677.31	1983-02-19	2021-06-06	2023-06-01	62.28
608	random	75835.52	2004-10-04	2007-12-08	2024-04-01	290.98
609	random	215338.52	1967-06-01	2012-07-14	2026-06-01	1080.00
610	random	11192.27	1994-12-04	2022-01-06	2022-02-01	21.63
611	random	97107.61	1971-10-12	2017-12-26	2023-10-01	683.30
612	random	10468.11	1999-02-02	2019-07-02	2023-12-01	18.61
613	random	120900.21	1963-07-04	2002-10-21	2027-03-01	861.75
614	random	3542.33	1964-01-05	2021-12-25	2021-12-01	0.00
615	random	12119.48	1984-04-21	2025-01-26	2025-02-01	35.69
616	random	131109.47	1963-10-01	2004-06-05	2021-12-01	938.32
617	random	251501.88	2000-01-21	2016-06-19	2023-02-01	600.00
618	random	47418.44	1959-04-15	2003-04-30	2026-09-01	310.63
619	random	10654.65	1951-02-06	2019-12-07	2023-04-01	34.90
620	random	30035.17	1951-11-08	2017-03-21	2025-03-01	180.26
621	random	265324.28	2001-12-25	2019-01-02	2027-01-01	600.00
622	random	135980.85	1955-03-06	2018-09-18	2023-02-01	974.85
623	random	7980.38	1996-04-27	2021-11-01	2021-11-01	0.00
624	random	47795.40	1987-09-03	2023-08-26	2023-09-01	243.80
625	random	28304.75	2000-10-12	2013-05-26	2021-10-01	92.93
626	random	125686.87	1995-04-11	2010-09-07	2022-03-01	498.69
627	random	120756.12	1979-01-24	2013-08-30	2026-11-01	669.41
628	random	72018.44	1956-05-27	2027-02-10	2027-02-01	495.13
629	random	112800.25	1974-07-25	2006-06-27	2026-05-01	801.00
630	random	66648.32	1967-01-20	2001-03-27	2022-07-01	454.86
631	random	75311.91	1988-01-01	2012-08-05	2026-08-01	404.31
632	random	254793.18	1951-12-04	2012-09-15	2021-01-01	1080.00
633	random	7235.59	1958-01-10	2003-12-31	2025-09-01	0.00
634	random	75432.38	1970-12-26	2021-10-04	2021-11-01	520.74
635	random	95594.07	1970-09-05	2017-05-31	2023-05-01	671.95
636	random	99985.95	1977-05-21	2021-09-26	2021-10-01	548.25
637	random	132848.20	1986-04-05	2007-10-18	2020-05-01	528.53
638	random	76989.66	1961-11-24	2013-06-13	2024-11-01	532.42
639	random	133212.89	1971-09-19	2007-05-23	2022-06-01	954.09
640	random	17928.86	1956-11-22	2008-01-21	2022-06-01	89.46
641	random	118255.39	1962-05-02	2003-02-23	2020-08-01	841.91
642	random	7706.44	1988-03-12	2006-12-16	2022-11-01	0.00
643	random	60655.85	1954-01-23	2003-06-15	2023-04-01	409.91
644	random	53736.80	1958-03-20	2001-07-24	2024-11-01	358.02
645	random	149605.06	1954-02-25	2007-12-15	2022-05-01	1077.03
646	random	7879.68	1964-04-01	2006-02-13	2022-11-01	14.09
647	random	47438.40	1988-02-06	2001-09-30	2023-12-01	241.72
648	random	69762.61	1956-12-18	2002-05-22	2024-11-01	478.21
649	random	227757.06	1989-04-25	2000-08-25	2021-02-01	600.00
650	random	198992.35	1951-05-11	2001-10-27	2027-09-01	1080.00
651	random	125949.74	1985-05-09	2020-06-08	2020-07-01	699.70
652	random	113905.49	1997-06-22	2023-12-07	2023-11-01	0.00
653	random	109678.86	2004-02-14	2024-07-28	2024-08-01	431.99
654	random	136896.53	1983-09-16	2012-04-04	2026-01-01	763.56
655	random	261129.24	2003-11-24	2027-01-06	2026-12-01	0.00
656	random	68127.17	1995-03-29	2016-07-02	2021-10-01	258.86
657	random	37478.76	1972-09-04	2024-04-02	2024-05-01	236.09
658	random	81056.07	1979-09-05	2007-01-08	2025-06-01	437.82
659	random	174737.22	1964-02-12	2011-08-23	2023-12-01	1080.00
660	random	80459.07	1953-11-29	2011-07-09	2024-01-01	558.44
661	random	4312.87	1975-08-11	2021-10-27	2021-11-01	0.00
662	random	70268.33	1967-06-28	2008-04-18	2021-10-01	482.01
663	random	29243.57	1963-10-17	2010-07-05	2020-04-01	174.32
664	random	289448.68	1961-09-17	2025-07-02	2025-06-01	0.00
665	random	93076.18	1996-02-29	2013-11-08	2026-08-01	362.81
666	random	19503.96	1984-02-07	2015-06-18	2021-02-01	78.77
667	random	45263.62	1997-08-27	2018-08-06	2023-06-01	163.59
668	random	69851.70	1957-11-15	2001-08-22	2023-08-01	478.88
669	random	1028.81	1956-09-04	2021-12-22	2021-12-01	0.00
670	random	145554.75	1957-11-11	2006-09-29	2023-06-01	1046.66
671	random	30144.97	1969-05-02	2014-07-25	2023-12-01	181.08
672	random	108889.86	1986-09-28	2016-11-10	2027-01-01	600.19
673	random	9054.22	1993-09-06	2002-07-11	2025-11-01	12.72
674	random	139370.95	1968-01-26	2008-12-24	2020-06-01	1000.28
675	random	92821.25	1961-04-02	2004-11-29	2022-08-01	651.15
676	random	113979.04	1993-11-11	2008-09-12	2024-09-01	449.91
677	random	36845.49	1972-07-04	2008-05-02	2023-08-01	231.34
678	random	140669.42	1999-08-14	2002-03-19	2021-06-01	561.12
679	random	208306.48	2001-08-26	2017-09-01	2026-02-01	600.00
680	random	125131.82	1978-02-01	2020-10-09	2020-11-01	694.93
681	random	6898.55	1961-08-06	2023-04-11	2023-04-01	0.00
682	random	266295.14	1988-09-28	2012-10-10	2022-05-01	600.00
683	random	191950.82	1963-07-10	2007-01-22	2025-03-01	1080.00
684	random	134774.87	1957-12-22	2026-01-29	2027-04-01	965.81
685	random	219660.41	1980-10-25	2008-10-02	2025-04-01	840.00
686	random	61225.12	1986-10-24	2012-06-25	2021-01-01	230.10
687	random	36986.07	1964-10-18	2023-08-12	2023-08-01	232.39
688	random	42980.69	1978-05-08	2015-05-06	2021-10-01	215.72
689	random	144966.83	2000-10-08	2011-06-20	2022-04-01	579.02
690	random	112936.37	1986-04-27	2026-11-27	2026-11-01	0.00
691	random	149708.05	1977-02-07	2019-07-08	2021-09-01	838.29
692	random	67101.46	1976-01-29	2005-09-24	2022-12-01	356.42
693	random	110047.44	1952-11-15	2002-09-26	2021-07-01	780.35
694	random	29902.54	1960-07-16	2020-04-16	2026-01-01	179.26
695	random	220841.80	1954-11-05	2012-11-19	2020-01-01	1080.00
696	random	249249.75	1956-03-31	2017-12-07	2022-10-01	1080.00
697	random	37529.33	1991-07-07	2003-08-06	2024-01-01	131.37
698	random	27178.19	2002-08-20	2022-05-09	2022-04-01	0.00
699	random	59525.76	1998-05-11	2008-05-09	2027-07-01	223.02
700	random	105914.52	1952-12-18	2016-06-25	2025-05-01	749.35
701	random	149615.46	1996-02-19	2018-06-24	2023-05-01	598.39
702	random	14086.36	1975-03-13	2012-03-20	2027-02-01	60.64
703	random	34090.94	1956-05-19	2019-09-27	2025-02-01	210.68
704	random	118734.06	1965-09-13	2022-11-22	2027-03-01	845.50
705	random	17826.25	1955-11-17	2021-09-20	2026-10-01	88.69
706	random	192953.44	1989-06-04	2021-11-04	2021-10-01	0.00
707	random	17061.16	1975-01-06	2027-01-05	2027-02-01	82.95
708	random	38238.92	2000-08-22	2013-08-06	2020-02-01	134.32
709	random	174806.68	1958-03-20	2012-09-14	2020-09-01	1080.00
710	random	62287.86	1960-02-12	2006-03-17	2022-02-01	422.15
711	random	101653.66	1996-05-15	2002-12-25	2022-06-01	398.55
712	random	64648.71	1976-10-12	2026-03-08	2026-02-01	0.00
713	random	58109.56	1981-06-06	2002-08-29	2024-03-01	303.97
714	random	73303.82	2000-10-05	2005-12-22	2021-10-01	280.43
715	random	97645.50	2002-01-01	2021-05-14	2021-04-01	0.00
716	random	108509.28	1957-11-13	2026-02-19	2026-02-01	0.00
717	random	44827.17	1971-01-20	2010-01-14	2027-04-01	291.20
718	random	114276.42	1975-08-04	2010-09-14	2027-06-01	812.07
719	random	13079.63	1965-08-11	2000-05-23	2026-09-01	53.09
720	random	15100.17	1970-01-08	2027-11-19	2027-11-01	0.00
721	random	127141.36	2003-10-26	2012-12-01	2021-08-01	504.75
722	random	20392.78	1952-08-16	2010-06-14	2026-10-01	107.94
723	random	32684.19	1988-11-26	2002-10-08	2026-11-01	155.65
724	random	33577.55	1968-07-15	2006-11-05	2025-10-01	206.83
725	random	96804.48	1959-04-19	2003-04-27	2027-10-01	681.03
726	random	44671.96	1987-11-28	2002-12-09	2020-07-01	161.13
727	random	140690.40	1954-03-23	2001-08-28	2020-01-01	1010.17
728	random	25771.02	1952-02-04	2019-09-17	2020-11-01	148.28
729	random	133593.70	1979-07-01	2025-03-08	2026-11-01	744.29
730	random	19327.04	1981-06-03	2000-05-08	2027-02-01	77.74
731	random	116201.74	2002-09-04	2025-10-23	2025-11-01	459.17
732	random	114638.38	1962-07-17	2008-04-08	2022-06-01	814.78
733	random	26503.94	1950-10-07	2011-04-13	2023-06-01	153.77
734	random	128533.77	1956-03-18	2017-09-28	2026-03-01	919.00
735	random	115634.92	1995-10-29	2009-03-24	2022-07-01	456.81
736	random	190062.86	1968-01-01	2008-12-23	2026-11-01	1080.00
737	random	35163.43	2002-02-26	2025-04-13	2025-04-01	121.51
738	random	126269.44	1988-06-01	2018-11-26	2027-07-01	701.57
739	random	237052.44	1989-11-09	2022-01-07	2022-01-01	600.00
740	random	18998.77	1974-10-12	2017-08-15	2023-04-01	75.82
741	random	67758.73	1951-07-22	2024-05-26	2024-06-01	463.19
742	random	18427.56	1982-03-18	2007-08-28	2022-11-01	72.49
743	random	103892.30	2003-05-31	2026-06-11	2026-06-01	407.88
744	random	136699.99	1989-10-25	2012-03-20	2026-10-01	762.41
745	random	29925.81	1964-07-18	2026-12-09	2026-12-01	179.44
746	random	30881.14	1954-09-05	2016-09-03	2022-07-01	186.60
747	random	146514.86	1991-12-07	2005-12-16	2025-12-01	585.47
748	random	99568.32	1980-07-27	2026-02-12	2026-01-01	0.00
749	random	132080.34	1950-10-02	2012-03-06	2026-04-01	945.60
750	random	40266.35	1998-09-13	2023-08-04	2025-09-01	142.77
751	random	191148.04	1967-10-10	2021-12-23	2021-12-01	0.00
752	random	128702.97	1975-05-24	2023-03-17	2023-02-01	0.00
753	random	116082.28	1988-10-21	2025-11-27	2027-06-01	642.14
754	random	83341.86	1977-07-21	2015-12-16	2027-07-01	451.16
755	random	147289.92	1950-09-06	2018-06-17	2020-06-01	1059.67
756	random	224984.40	1981-06-18	2020-12-01	2020-11-01	0.00
757	random	43430.83	1952-04-18	2022-11-22	2022-12-01	280.73
758	random	127706.78	1980-01-23	2020-07-16	2020-08-01	709.95
759	random	280542.70	1988-06-15	2020-05-14	2020-07-01	600.00
760	random	102187.43	2003-05-24	2023-03-20	2023-03-01	0.00
761	random	229064.32	1992-03-13	2016-06-12	2022-07-01	600.00
762	random	9383.93	1990-03-18	2009-07-05	2025-01-01	14.09
763	random	149672.17	1987-07-05	2027-09-20	2027-10-01	838.08
764	random	113126.53	1982-10-07	2022-03-20	2022-04-01	624.90
765	random	1967.13	1961-12-14	2001-07-03	2025-12-01	0.00
766	random	88228.64	1962-02-11	2012-04-16	2023-11-01	616.71
767	random	14495.46	1957-07-28	2013-08-13	2023-09-01	63.71
768	random	87935.99	1956-12-26	2007-12-12	2025-09-01	614.51
769	random	147562.69	1982-07-07	2014-01-28	2027-12-01	825.78
770	random	123757.18	1954-03-01	2025-09-13	2027-04-01	883.17
771	random	145632.83	1953-08-15	2026-11-29	2027-07-01	1047.24
772	random	71179.71	1992-05-28	2027-06-21	2027-07-01	380.21
773	random	103132.00	1960-06-10	2001-09-25	2027-03-01	728.49
774	random	72745.90	1984-10-12	2012-09-19	2023-09-01	389.35
775	random	6947.22	1977-12-03	2017-07-03	2022-08-01	0.00
776	random	1166.47	1972-02-17	2025-05-26	2025-05-01	0.00
777	random	49945.27	1995-09-22	2020-10-10	2021-09-01	183.10
778	random	130165.96	1969-02-07	2002-04-29	2025-12-01	931.24
779	random	78943.78	1985-01-17	2002-01-17	2021-05-01	425.50
780	random	143563.45	1971-09-06	2005-08-04	2020-10-01	802.45
781	random	90011.00	1950-05-25	2001-01-18	2023-05-01	630.08
782	random	92670.61	1967-01-30	2002-12-22	2025-07-01	650.02
783	random	109158.96	1955-04-29	2014-03-17	2024-05-01	773.69
784	random	145265.95	1963-06-17	2003-05-19	2021-08-01	1044.49
785	random	20824.33	1971-10-26	2021-09-13	2022-12-01	111.18
786	random	141389.56	1992-07-25	2012-09-17	2025-12-01	564.12
787	random	29449.14	2004-08-24	2004-01-24	2020-01-01	97.70
788	random	141675.24	1985-09-27	2023-08-21	2023-08-01	0.00
789	random	125007.04	1990-04-28	2000-08-01	2020-09-01	495.86
790	random	88876.96	2000-08-24	2024-04-26	2027-04-01	345.32
791	random	73704.74	1963-07-03	2020-07-26	2026-10-01	507.78
792	random	20160.01	1975-05-20	2013-04-17	2021-03-01	82.60
793	random	99038.97	1961-12-16	2016-02-28	2022-12-01	697.79
794	random	49070.56	1993-01-28	2015-04-23	2021-01-01	179.46
795	random	5039.48	1981-01-06	2022-05-24	2022-06-01	0.00
796	random	13239.46	2000-08-29	2006-03-31	2025-02-01	30.16
797	random	148293.29	1990-03-08	2003-04-23	2025-09-01	830.04
798	random	132075.15	1998-04-01	2013-07-03	2024-11-01	525.31
799	random	88141.04	2003-04-08	2012-02-19	2022-02-01	342.25
800	random	61646.38	1977-01-27	2017-10-28	2024-11-01	324.60
801	random	96700.31	1955-09-11	2022-09-03	2022-10-01	680.25
802	random	52295.83	1954-08-07	2010-02-21	2020-01-01	347.21
803	random	4722.29	1965-05-18	2025-05-29	2026-09-01	0.00
804	random	117783.21	1995-08-18	2020-02-21	2022-03-01	465.76
805	random	167047.73	1955-11-18	2024-08-07	2024-09-01	1080.00
806	random	5374.92	1983-10-17	2012-07-01	2024-08-01	0.00
807	random	161916.49	1995-10-16	2013-02-05	2027-03-01	600.00
808	random	117634.98	1968-02-26	2020-06-21	2027-03-01	837.26
809	random	28663.60	1953-05-09	2004-10-25	2022-12-01	169.97
810	random	71427.31	1974-12-22	2013-07-05	2023-06-01	381.65
811	random	195.51	2000-05-10	2023-09-03	2023-10-01	0.00
812	random	100528.83	1967-08-16	2010-11-24	2025-07-01	708.96
813	random	37816.65	1951-11-08	2024-11-09	2024-12-01	238.62
814	random	35118.59	1952-06-18	2002-07-17	2023-10-01	218.38
815	random	62060.61	1969-12-13	2025-02-28	2027-12-01	420.45
816	random	4994.93	1986-09-01	2020-02-04	2020-03-01	0.00
817	random	174685.11	1951-08-10	2008-03-21	2027-05-01	1080.00
818	random	80582.67	1989-09-10	2017-06-30	2023-11-01	310.76
819	random	133734.80	1967-06-13	2000-05-03	2025-11-01	958.01
820	random	8125.03	1983-01-03	2007-11-01	2026-03-01	12.39
821	random	145308.16	1971-10-26	2014-09-30	2020-03-01	812.63
822	random	264126.54	1976-11-25	2012-02-10	2021-10-01	840.00
823	random	51409.96	1992-12-02	2003-01-08	2021-12-01	189.20
824	random	132438.53	1992-11-05	2002-10-08	2022-09-01	526.82
825	random	48517.38	1962-08-06	2000-11-01	2025-01-01	318.88
826	random	2028.78	1955-07-01	2016-07-14	2020-07-01	0.00
827	random	187017.00	1994-01-30	2020-04-05	2023-11-01	600.00
828	random	17181.39	1967-06-17	2016-05-20	2026-09-01	83.86
829	random	146876.76	1979-11-20	2014-10-12	2026-02-01	821.78
830	random	53987.45	1951-06-29	2027-10-16	2027-10-01	0.00
831	random	44989.23	1978-04-22	2011-02-18	2021-09-01	227.43
832	random	197368.87	1967-02-12	2025-12-12	2026-01-01	1080.00
833	random	88856.80	1981-12-27	2011-06-30	2026-03-01	483.33
834	random	4881.40	1996-10-09	2011-04-09	2027-03-01	0.00
835	random	48396.52	1998-05-06	2015-05-25	2023-05-01	176.65
836	random	96056.59	1966-10-03	2024-09-21	2024-09-01	0.00
837	random	10593.09	1999-01-14	2001-08-05	2027-05-01	19.13
838	random	99929.20	1957-05-11	2004-06-15	2021-04-01	704.46
839	random	143953.29	2004-08-12	2017-03-26	2026-04-01	574.80
840	random	137903.04	1952-04-05	2005-09-20	2027-10-01	989.27
841	random	107034.73	1989-09-06	2020-06-26	2020-06-01	0.00
842	random	27296.81	1966-12-12	2021-07-20	2024-10-01	159.72
843	random	133540.34	1964-08-22	2003-09-25	2023-05-01	956.55
844	random	46542.12	1983-04-26	2013-10-28	2021-04-01	236.49
845	random	7018.06	1977-05-03	2016-04-16	2025-10-01	0.00
846	random	104574.74	2001-04-26	2010-06-26	2021-06-01	410.72
847	random	46935.83	1950-11-27	2006-08-17	2026-04-01	307.01
848	random	110222.96	1965-03-21	2019-08-20	2023-08-01	781.67
849	random	139472.78	1956-05-08	2005-05-27	2027-04-01	1001.04
850	random	142444.87	1967-06-30	2005-04-25	2026-03-01	1023.33
851	random	156852.17	2001-08-04	2007-12-10	2020-07-01	600.00
852	random	146616.38	2003-02-24	2014-11-02	2024-08-01	585.90
853	random	86301.64	1979-01-24	2022-08-15	2022-08-01	468.42
854	random	11936.43	1960-08-04	2007-07-21	2026-01-01	44.52
855	random	26605.99	1990-03-16	2021-08-09	2021-09-01	85.85
856	random	15229.78	1995-01-31	2019-10-06	2020-01-01	38.45
857	random	83271.98	1952-05-25	2010-11-05	2021-05-01	579.53
858	random	107891.91	1964-09-16	2018-04-15	2025-07-01	764.18
859	random	1502.66	1950-01-28	2011-09-24	2020-08-01	0.00
860	random	225270.69	1986-11-24	2009-03-28	2024-03-01	840.00
861	random	266845.04	2001-12-10	2022-03-18	2022-03-01	0.00
862	random	2665.73	1954-09-16	2023-10-05	2023-12-01	0.00
863	random	148782.17	1963-07-29	2007-07-26	2022-02-01	1070.86
864	random	15133.09	1964-03-05	2010-04-04	2023-02-01	68.49
865	random	21169.94	1996-01-22	2000-10-01	2026-01-01	63.20
866	random	82806.72	2002-03-13	2021-05-13	2022-08-01	320.02
867	random	125646.70	1968-09-01	2009-12-11	2023-01-01	897.35
868	random	93982.97	1989-01-03	2026-04-10	2026-03-01	0.00
869	random	134289.46	1987-04-13	2020-12-10	2020-11-01	0.00
870	random	181304.35	1967-01-05	2026-04-02	2027-01-01	1080.00
871	random	68294.62	1951-05-30	2007-12-04	2027-04-01	467.20
872	random	6486.87	1958-11-13	2016-07-31	2025-07-01	0.00
873	random	106674.31	1982-10-19	2008-11-28	2024-08-01	587.26
874	random	2570.61	1958-06-10	2008-03-31	2021-01-01	0.00
875	random	21761.19	1977-02-25	2001-08-07	2020-06-01	91.94
876	random	56228.54	1992-05-18	2004-08-03	2020-11-01	209.28
877	random	133957.81	1962-08-01	2002-02-20	2022-10-01	959.68
878	random	129133.66	2002-02-03	2021-04-11	2021-05-01	513.05
879	random	25812.87	1950-10-11	2017-08-11	2025-08-01	148.59
880	random	39028.35	1959-03-28	2005-11-01	2027-04-01	247.71
881	random	56933.07	1970-03-01	2016-07-19	2023-04-01	381.99
882	random	91743.81	1989-03-07	2027-07-12	2027-08-01	500.17
883	random	1289.78	1968-03-26	2021-12-22	2026-05-01	0.00
884	random	39962.69	1962-03-24	2023-01-31	2023-10-01	254.72
885	random	120101.09	1960-02-17	2025-07-17	2026-08-01	855.75
886	random	190037.02	1999-06-26	2018-12-04	2024-11-01	600.00
887	random	117129.82	1973-06-16	2025-06-19	2026-08-01	833.47
888	random	133881.45	1966-03-14	2008-08-02	2024-12-01	959.11
889	random	115557.00	1962-05-17	2021-09-10	2027-06-01	821.67
890	random	111966.02	1966-08-01	2005-06-09	2022-03-01	794.74
891	random	90274.29	1997-07-26	2000-10-24	2022-05-01	351.14
892	random	16638.53	1996-02-07	2000-12-28	2026-09-01	44.32
893	random	2690.01	1979-04-21	2020-06-28	2025-03-01	0.00
894	random	98528.31	1955-05-05	2018-07-21	2021-08-01	693.96
895	random	157054.97	1950-12-15	2011-07-31	2025-03-01	1080.00
896	random	3667.54	1983-11-17	2026-03-08	2026-03-01	0.00
897	random	35133.41	1966-05-17	2017-10-30	2021-01-01	218.50
898	random	98786.34	1991-09-18	2013-06-21	2020-12-01	386.60
899	random	60898.60	1982-05-14	2023-12-12	2023-11-01	0.00
900	random	105738.81	1953-05-01	2006-12-23	2023-04-01	748.04
901	random	278833.68	1983-12-19	2016-06-19	2027-11-01	840.00
902	random	40427.21	1991-09-22	2022-01-02	2023-08-01	143.44
903	random	137216.49	1982-02-06	2012-09-14	2020-04-01	765.42
904	random	5694.86	1968-01-30	2006-08-16	2020-08-01	0.00
905	random	149416.71	2002-08-21	2022-03-09	2024-07-01	597.56
906	random	27157.93	1992-11-19	2012-05-15	2027-02-01	88.15
907	random	87309.31	1974-08-05	2005-11-09	2021-04-01	474.30
908	random	275007.30	1994-06-17	2001-06-21	2021-11-01	600.00
909	random	13637.91	2000-09-14	2026-02-09	2027-01-01	31.82
910	random	140954.24	1978-08-14	2000-04-12	2023-01-01	787.23
911	random	22010.81	1956-12-19	2000-04-01	2026-06-01	120.08
912	random	55397.11	1984-10-07	2013-10-05	2027-09-01	288.14
913	random	123867.62	1973-09-10	2000-01-01	2027-04-01	884.00
914	random	10832.52	2001-07-14	2024-06-15	2024-10-01	20.13
915	random	129570.05	2001-05-24	2016-11-07	2022-09-01	514.87
916	random	23854.98	1991-06-20	2013-09-20	2023-12-01	74.39
917	random	14307.72	1994-10-01	2026-10-15	2026-09-01	0.00
918	random	149142.51	1956-03-02	2022-06-09	2022-06-01	1073.56
919	random	183419.55	2004-05-13	2006-05-11	2021-10-01	600.00
920	random	143907.27	1966-07-12	2001-03-01	2020-07-01	1034.30
921	random	143116.56	1971-04-24	2025-09-21	2025-09-01	0.00
922	random	9562.86	1980-04-13	2022-09-15	2022-09-01	20.78
923	random	104894.03	1971-09-12	2020-07-05	2021-08-01	576.88
924	random	143558.59	1951-09-14	2013-01-15	2026-10-01	1031.68
925	random	80816.32	1958-06-27	2024-02-01	2024-03-01	561.12
926	random	117912.71	1955-12-20	2009-07-26	2026-06-01	839.34
927	random	116637.85	1993-09-15	2017-03-10	2020-02-01	460.99
928	random	147852.56	2001-10-24	2017-06-13	2023-12-01	591.05
929	random	144615.36	1997-05-14	2001-12-12	2026-11-01	577.56
930	random	137223.97	1993-01-04	2005-01-30	2025-11-01	546.76
931	random	147356.46	1955-07-20	2017-11-19	2021-02-01	1060.17
932	random	99736.97	1957-10-17	2013-09-10	2027-08-01	703.02
933	random	59704.51	1988-08-02	2011-12-24	2022-01-01	223.76
934	random	221406.83	1979-09-11	2022-11-18	2022-11-01	0.00
935	random	278582.01	2003-08-14	2013-01-29	2022-02-01	600.00
936	random	8649.96	1981-06-07	2026-01-25	2026-01-01	0.00
937	random	27749.75	1982-01-12	2026-12-25	2026-12-01	0.00
938	random	66886.15	1961-08-31	2009-12-05	2026-08-01	456.64
939	random	146857.00	1994-09-15	2016-04-26	2022-12-01	586.90
940	random	152138.87	1994-12-07	2015-04-16	2020-10-01	600.00
941	random	118778.59	1955-07-22	2005-02-25	2024-05-01	845.83
942	random	249272.43	1977-07-29	2000-12-27	2025-10-01	840.00
943	random	7881.70	1983-12-15	2008-08-29	2025-08-01	10.97
944	random	101089.28	1974-03-21	2001-05-23	2023-06-01	554.68
945	random	59028.22	1980-06-26	2015-10-16	2027-08-01	309.33
946	random	98813.88	1974-02-04	2011-05-23	2027-04-01	696.10
947	random	4498.58	2001-01-29	2007-11-24	2021-05-01	0.00
948	random	32385.27	1992-03-18	2002-08-01	2022-05-01	109.93
949	random	145181.80	1981-11-16	2001-05-25	2025-09-01	811.89
950	random	60458.12	1973-01-05	2001-09-23	2027-02-01	408.43
951	random	149728.73	1965-06-21	2024-03-26	2025-05-01	1077.96
952	random	106283.85	1995-08-24	2011-08-21	2020-12-01	417.84
953	random	145630.49	1971-06-26	2002-02-17	2020-05-01	814.51
954	random	85348.35	1973-01-16	2020-01-19	2025-06-01	595.11
955	random	21265.01	1959-01-23	2005-12-01	2027-03-01	114.48
956	random	68636.99	1985-03-24	2019-07-12	2025-05-01	365.38
957	random	2229.99	1969-05-21	2006-04-24	2020-06-01	0.00
958	random	105945.75	1962-03-23	2017-03-03	2027-05-01	749.59
959	random	128773.91	1951-02-01	2007-09-08	2020-11-01	920.80
960	random	141401.39	1988-07-25	2022-07-14	2022-07-01	564.17
961	random	123623.16	1968-07-09	2005-08-20	2020-08-01	882.17
962	random	65936.73	1960-04-07	2014-01-27	2024-03-01	449.52
963	random	33775.60	1958-05-05	2027-11-29	2027-11-01	0.00
964	random	16176.17	1957-03-29	2022-02-20	2022-06-01	76.32
965	random	29499.34	1996-11-04	2009-03-22	2026-02-01	97.91
966	random	17983.98	1976-03-07	2024-05-23	2026-03-01	89.87
967	random	8204.18	1965-09-26	2003-10-06	2025-07-01	16.53
968	random	146525.00	1983-10-05	2001-02-14	2020-02-01	819.72
969	random	109975.93	1970-10-19	2020-07-05	2020-07-01	606.52
970	random	9225.36	1971-09-03	2020-08-26	2022-02-01	24.19
971	random	146338.13	1978-09-25	2009-09-19	2022-01-01	818.63
972	random	51369.73	1968-10-29	2013-12-28	2025-05-01	340.27
973	random	256948.33	1957-11-06	2011-12-27	2023-02-01	1080.00
974	random	115893.87	1965-04-29	2026-11-09	2026-11-01	824.20
975	random	27336.52	1955-07-18	2005-01-19	2026-09-01	160.02
976	random	148965.12	1976-02-23	2017-12-10	2025-06-01	833.96
977	random	10858.31	1954-04-06	2024-08-15	2026-04-01	36.43
978	random	39568.69	1988-11-12	2008-08-14	2021-05-01	139.86
979	random	123244.74	1955-08-01	2020-07-10	2020-07-01	879.33
980	random	128834.77	1975-10-21	2004-07-28	2023-07-01	716.53
981	random	67486.07	1956-05-03	2005-09-12	2020-10-01	461.14
982	random	185109.46	1956-03-02	2015-02-02	2022-09-01	1080.00
983	random	12349.77	1996-01-23	2010-09-23	2022-03-01	26.45
984	random	106211.82	1986-06-22	2015-02-10	2021-07-01	584.56
985	random	5095.16	1984-10-22	2018-11-08	2022-06-01	0.00
986	random	77083.36	1970-01-03	2002-10-30	2026-11-01	533.12
987	random	86527.65	1982-12-24	2026-04-02	2026-04-01	469.74
988	random	83348.80	1971-01-16	2000-01-01	2020-04-01	451.20
989	random	97180.60	1989-05-25	2012-08-27	2026-04-01	531.88
990	random	10007.89	1992-07-25	2025-01-02	2027-04-01	16.69
991	random	8715.34	1990-12-21	2015-09-30	2023-03-01	11.31
992	random	103527.09	1996-01-22	2024-01-18	2024-01-01	0.00
993	random	29423.45	2001-09-06	2012-02-04	2021-12-01	97.59
994	random	139665.68	1962-03-28	2024-11-17	2027-09-01	1002.49
995	random	165936.96	1983-05-09	2007-10-22	2025-02-01	840.00
996	random	5589.95	1980-09-22	2020-03-18	2027-03-01	0.00
997	random	60632.03	1993-12-27	2020-07-28	2020-08-01	227.63
998	random	21044.54	2000-12-31	2007-02-13	2020-07-01	62.68
999	random	73207.18	1972-05-26	2016-07-17	2026-05-01	504.05
1000	random	61850.00	1961-03-27	2022-07-04	2022-07-01	418.87
1001	random	9705.73	1995-03-01	2006-06-04	2024-08-01	15.44
1002	random	56500.84	1966-12-28	2003-02-28	2024-03-01	378.75
1003	random	147856.04	1951-09-09	2022-10-17	2022-11-01	1063.92
1004	random	74456.40	1994-04-08	2005-11-20	2021-02-01	285.23
1005	random	135134.85	1972-04-20	2020-01-19	2021-02-01	753.28
1006	random	253415.05	2003-04-11	2009-06-05	2020-02-01	600.00
1007	random	3349.49	1985-10-29	2021-10-20	2024-10-01	0.00
1008	random	108539.99	2002-10-14	2002-04-23	2025-01-01	427.24
1009	random	171513.52	1954-07-21	2004-01-26	2027-11-01	1080.00
1010	random	37449.29	1999-02-21	2014-09-06	2020-12-01	131.03
1011	random	46021.61	1988-01-18	2016-12-04	2024-03-01	233.45
1012	random	223038.85	2002-01-12	2005-06-20	2021-02-01	600.00
1013	random	116970.39	1976-06-16	2021-03-19	2025-05-01	647.32
1014	random	88802.72	1989-08-03	2022-09-10	2026-11-01	483.01
1015	random	44798.40	1959-02-07	2016-03-08	2022-05-01	290.98
1016	random	105576.98	1994-02-04	2009-04-06	2020-04-01	414.90
1017	random	10328.24	2003-04-27	2006-04-29	2022-06-01	18.03
1018	random	120956.10	1976-11-19	2019-06-17	2023-11-01	670.57
1019	random	66558.75	1994-07-07	2025-09-16	2027-09-01	252.32
1020	random	97056.41	1991-01-31	2012-07-28	2027-03-01	531.16
1021	random	31136.83	1984-01-16	2004-08-10	2027-04-01	146.63
1022	random	37630.20	1969-02-23	2027-05-04	2027-04-01	0.00
1023	random	127613.32	1964-11-29	2027-11-13	2027-10-01	0.00
1024	random	26680.31	1998-07-04	2025-03-01	2025-03-01	86.16
1025	random	73795.92	1991-01-21	2019-06-22	2026-01-01	282.48
1026	random	43245.42	1953-03-29	2023-11-10	2023-10-01	0.00
1027	random	86563.49	1973-04-01	2004-02-14	2020-02-01	469.95
1028	random	127265.63	1973-04-13	2021-10-01	2027-05-01	909.49
1029	random	32276.09	1995-06-28	2024-07-21	2024-08-01	109.48
1030	random	36288.26	1980-08-21	2025-04-04	2025-04-01	176.68
1031	random	98833.48	1958-05-01	2003-01-09	2024-04-01	696.25
1032	random	32370.51	1999-07-04	2014-02-20	2027-01-01	109.87
1033	random	169366.36	1956-04-30	2020-01-15	2021-10-01	1080.00
1034	random	67640.02	1975-10-23	2006-11-17	2026-03-01	462.30
1035	random	183924.42	1969-12-08	2003-02-20	2022-06-01	1080.00
1036	random	225412.10	1962-10-15	2010-01-13	2023-04-01	1080.00
1037	random	18485.70	1959-07-04	2002-11-22	2024-09-01	93.64
1038	random	47241.12	1953-01-20	2009-10-10	2022-05-01	309.30
1039	random	181275.53	1973-06-17	2003-10-12	2021-02-01	840.00
1040	random	85863.41	2003-08-06	2017-04-09	2020-07-01	332.76
1041	random	4162.72	1953-06-28	2007-06-07	2020-03-01	0.00
1042	random	100402.63	1978-05-18	2002-03-24	2023-07-01	550.68
1043	random	26884.28	1956-10-27	2000-04-02	2020-04-01	156.63
1044	random	58921.28	1982-10-18	2013-01-19	2025-06-01	308.70
1045	random	94778.00	1992-04-22	2022-12-30	2023-01-01	369.90
1046	random	88299.10	1955-05-19	2005-10-27	2024-12-01	617.24
1047	random	4177.95	1985-02-23	2012-10-20	2026-04-01	0.00
1048	random	4166.66	1982-04-03	2025-07-23	2027-01-01	0.00
1049	random	121238.33	1985-09-21	2021-12-05	2021-11-01	0.00
1050	random	146389.70	1975-08-18	2018-12-11	2024-12-01	818.93
1051	random	117300.25	1951-05-13	2025-01-31	2025-01-01	0.00
1052	random	143605.82	1975-06-09	2016-09-21	2026-02-01	1032.04
1053	random	262330.33	1962-12-12	2019-01-23	2023-11-01	1080.00
1054	random	60982.38	1986-01-25	2020-09-15	2024-02-01	320.73
1055	random	25015.05	1983-01-30	2005-01-28	2027-07-01	110.92
1056	random	18243.20	1989-05-18	2026-06-07	2026-06-01	71.41
1057	random	140982.21	1989-05-25	2013-12-04	2020-04-01	562.42
1058	random	147890.15	1955-08-03	2025-01-09	2027-10-01	1064.17
1059	random	105509.46	1955-10-13	2026-04-29	2026-04-01	0.00
1060	random	1521.68	1954-08-22	2011-03-01	2020-07-01	0.00
1061	random	119670.01	1988-07-02	2004-11-11	2025-11-01	663.07
1062	random	107963.89	1997-09-25	2021-03-17	2026-01-01	424.84
1063	random	134156.85	1974-02-13	2026-07-17	2026-07-01	0.00
1064	random	42029.11	1954-06-18	2023-01-04	2027-09-01	270.21
1065	random	113813.79	1959-12-31	2008-05-20	2023-04-01	808.60
1066	random	9015.34	1979-10-12	2019-11-15	2026-04-01	17.58
1067	random	153593.09	1997-11-08	2001-09-29	2025-01-01	600.00
1068	random	134155.57	1995-04-01	2014-09-23	2027-10-01	533.98
1069	random	142546.93	2004-07-01	2025-10-11	2025-10-01	568.94
1070	random	23665.15	1958-04-02	2025-11-09	2025-12-01	132.48
1071	random	144280.09	1981-06-07	2026-11-10	2026-11-01	806.63
1072	random	62334.46	1961-11-25	2016-01-20	2023-03-01	422.50
1073	random	14976.55	1974-09-14	2008-09-11	2023-11-01	52.36
1074	random	137710.44	1982-10-14	2006-09-02	2023-08-01	768.31
1075	random	95038.15	2000-02-07	2024-01-07	2023-12-01	0.00
1076	random	202871.65	1958-03-05	2005-08-13	2022-11-01	1080.00
1077	random	57610.07	1996-04-03	2015-10-08	2023-03-01	215.04
1078	random	35837.51	1972-08-27	2020-12-09	2022-09-01	223.78
1079	random	8466.46	1953-08-02	2015-10-29	2024-03-01	18.49
1080	random	71521.32	1958-12-15	2010-09-23	2026-09-01	491.40
1081	random	37444.26	1967-05-16	2017-06-14	2025-12-01	235.83
1082	random	4799.15	1969-07-25	2007-03-16	2023-09-01	0.00
1083	random	75819.28	1955-06-05	2018-06-09	2023-07-01	523.64
1084	random	81932.28	1996-06-02	2020-02-29	2020-03-01	316.38
1085	random	87782.40	1986-04-07	2020-11-29	2020-12-01	340.76
1086	random	141202.40	1951-05-13	2017-01-06	2025-07-01	1014.01
1087	random	5464.53	1996-09-12	2009-03-18	2020-06-01	0.00
1088	random	20887.71	1977-10-22	2024-11-02	2027-04-01	86.84
1089	random	1517.35	1967-08-31	2020-02-05	2020-08-01	0.00
1090	random	29910.45	1976-04-30	2015-12-13	2027-08-01	179.32
1091	random	84325.46	1996-07-14	2018-11-11	2026-07-01	326.35
1092	random	67858.74	1994-03-04	2025-03-29	2027-07-01	257.74
1093	random	139041.42	1962-04-27	2016-09-24	2023-03-01	997.81
1094	random	124741.93	1981-10-01	2002-03-05	2026-01-01	692.66
1095	random	79974.61	1950-02-19	2000-06-27	2024-12-01	554.80
1096	random	114536.18	1950-07-14	2020-12-19	2020-12-01	0.00
1097	random	24304.16	1966-12-01	2003-11-04	2025-07-01	137.28
1098	random	62892.55	1972-01-20	2000-06-27	2026-09-01	426.69
1099	random	124889.34	2001-12-23	2016-12-30	2023-04-01	495.37
1100	random	127960.21	1990-03-31	2019-01-15	2025-02-01	508.16
1101	random	146230.95	1960-06-27	2027-03-23	2027-04-01	1051.73
1102	random	64435.54	1950-12-29	2022-11-06	2022-12-01	438.26
1103	random	11987.84	1968-08-29	2021-07-23	2021-08-01	44.90
1104	random	41864.07	1982-11-13	2017-11-25	2021-06-01	209.20
1105	random	134277.52	1982-12-31	2010-08-06	2024-05-01	748.28
1106	random	103369.07	1989-03-12	2022-07-10	2022-06-01	0.00
1107	random	85936.02	1974-09-21	2022-10-22	2022-10-01	0.00
1108	random	14373.75	1998-06-21	2001-09-04	2025-11-01	34.89
1109	random	767.07	2000-04-16	2024-10-07	2024-11-01	0.00
1110	random	110412.15	1983-05-24	2014-10-18	2021-05-01	609.07
1111	random	149584.77	1976-10-14	2007-10-03	2022-03-01	837.57
1112	random	132133.10	1975-02-06	2021-01-11	2020-12-01	0.00
1113	random	7029.30	1978-03-21	2022-04-08	2022-04-01	0.00
1114	random	126299.90	1975-11-16	2016-04-11	2023-10-01	701.74
1115	random	6244.85	1998-09-28	2011-04-08	2023-03-01	0.00
1116	random	122473.45	1997-10-13	2011-08-08	2020-11-01	485.30
1117	random	68833.50	2003-04-24	2025-11-30	2025-11-01	0.00
1118	random	54545.67	1982-12-18	2026-03-12	2026-02-01	0.00
1119	random	26268.85	2003-06-10	2002-06-16	2023-10-01	84.45
1120	random	137103.53	1989-01-13	2013-10-25	2021-05-01	546.26
1121	random	8889.82	1964-04-20	2001-06-25	2026-10-01	21.67
1122	random	131721.59	1951-07-09	2024-03-29	2026-12-01	942.91
1123	random	74759.70	1961-03-26	2019-03-09	2025-10-01	515.69
1124	random	102708.33	1987-07-20	2007-08-11	2022-09-01	564.13
1125	random	99978.86	1987-08-15	2005-10-17	2023-03-01	548.21
1126	random	145767.31	1984-08-17	2005-02-11	2020-07-01	815.30
1127	random	110394.95	1994-04-30	2021-01-23	2021-01-01	0.00
1128	random	124252.57	1967-03-21	2022-07-24	2023-08-01	886.89
1129	random	101543.98	1967-04-25	2023-05-07	2024-08-01	716.57
1130	random	62144.16	2004-09-08	2021-09-26	2021-09-01	0.00
1131	random	13453.81	1952-12-15	2019-10-27	2027-10-01	55.90
1132	random	217252.03	1993-10-17	2006-03-19	2025-04-01	600.00
1133	random	126403.22	1973-12-20	2020-04-04	2023-10-01	702.35
1134	random	44457.26	2003-02-05	2019-05-11	2023-06-01	160.23
1135	random	70969.38	1953-12-15	2004-01-16	2023-01-01	487.27
1136	random	78929.69	1965-12-22	2012-12-04	2021-09-01	546.97
1137	random	41965.12	1982-03-12	2008-02-13	2021-04-01	209.79
1138	random	70067.54	1980-03-09	2027-06-10	2027-07-01	373.72
1139	random	9816.16	1958-10-21	2001-09-24	2027-10-01	28.62
1140	random	22720.00	2004-10-01	2009-09-29	2021-05-01	69.66
1141	random	133385.26	1969-07-27	2009-06-30	2025-08-01	955.38
1142	random	6566.62	1980-12-10	2001-10-10	2026-04-01	0.00
1143	random	192138.82	1957-06-29	2027-04-22	2027-05-01	1080.00
1144	random	52317.56	1986-12-19	2018-11-16	2027-01-01	270.18
1145	random	79419.49	1961-02-19	2016-08-30	2027-01-01	550.64
1146	random	108162.84	1969-11-08	2004-02-28	2024-07-01	766.22
1147	random	112158.01	1952-09-30	2015-07-16	2024-09-01	796.18
1148	random	121946.33	1957-04-16	2005-01-27	2021-12-01	869.59
1149	random	69521.19	1973-07-01	2021-05-27	2021-06-01	370.54
1150	random	111410.83	1997-01-18	2001-05-09	2020-02-01	439.21
1151	random	144792.03	1977-02-22	2000-08-19	2027-04-01	1040.94
1152	random	7706.36	1958-04-30	2010-07-31	2026-09-01	12.79
1153	random	91084.52	1996-06-17	2012-01-13	2023-08-01	354.51
1154	random	108866.67	1960-12-07	2015-06-30	2020-08-01	771.50
1155	random	56095.81	1981-06-17	2026-09-03	2026-10-01	292.22
1156	random	16177.15	1991-12-16	2020-09-05	2026-10-01	42.40
1157	random	139036.39	1984-10-15	2018-11-28	2026-08-01	776.04
1158	random	105246.30	1955-07-20	2021-01-16	2021-01-01	0.00
1159	random	9779.26	2001-05-08	2026-11-27	2027-11-01	15.74
1160	random	38283.73	1956-07-09	2004-04-07	2021-07-01	242.12
1161	random	122497.15	1977-06-16	2004-02-03	2024-08-01	679.56
1162	random	20338.95	1993-06-21	2021-08-29	2023-07-01	59.74
1163	random	88250.17	1972-03-14	2014-07-14	2025-02-01	616.87
1164	random	5668.35	1988-08-04	2001-12-19	2021-01-01	0.00
1165	random	50602.66	1993-04-03	2027-04-24	2027-05-01	185.84
1166	random	59029.94	1971-08-21	2003-02-17	2021-03-01	309.34
1167	random	35338.58	1980-08-15	2023-06-21	2026-04-01	171.14
1168	random	286592.96	1998-12-03	2013-09-09	2023-09-01	600.00
1169	random	15798.16	1994-07-24	2006-12-23	2020-09-01	40.82
1170	random	5709.03	1960-03-27	2001-02-11	2024-12-01	0.00
1171	random	57388.00	1989-12-28	2007-12-20	2024-11-01	214.11
1172	random	68292.58	1957-05-02	2000-03-10	2023-06-01	467.19
1173	random	25587.10	1997-01-12	2011-02-20	2020-12-01	81.61
1174	random	268.37	1984-04-29	2019-08-27	2024-05-01	0.00
1175	random	115062.29	1952-12-24	2014-03-13	2022-01-01	817.96
1176	random	55009.39	1996-06-20	2020-05-28	2020-05-01	0.00
1177	random	116686.65	1965-02-05	2021-07-13	2021-08-01	830.14
1178	random	142645.58	1956-06-24	2024-11-18	2026-10-01	1024.84
1179	random	109239.43	1992-05-03	2026-03-24	2026-04-01	430.16
1180	random	52243.67	2002-01-05	2021-04-04	2027-07-01	192.68
1181	random	35662.75	1969-02-09	2027-09-14	2027-08-01	0.00
1182	random	6146.49	1962-03-31	2002-07-12	2026-04-01	0.00
1183	random	259815.19	1958-10-17	2014-03-16	2022-01-01	1080.00
1184	random	167050.28	1956-01-04	2019-09-13	2025-04-01	1080.00
1185	random	44349.21	1964-01-07	2024-11-09	2024-12-01	287.61
1186	random	91119.31	1976-02-05	2002-10-15	2022-05-01	496.52
1187	random	25844.81	2004-05-04	2012-01-02	2025-04-01	82.68
1188	random	97634.73	1972-06-18	2004-09-03	2022-10-01	687.26
1189	random	89467.77	1961-06-09	2015-12-01	2026-06-01	626.00
1190	random	16609.05	1979-12-13	2015-03-22	2021-08-01	61.88
1191	random	53606.64	1962-09-21	2008-09-03	2024-07-01	357.04
1192	random	124440.44	1960-03-11	2000-10-25	2022-01-01	888.30
1193	random	16182.36	1994-06-21	2022-03-26	2022-03-01	0.00
1194	random	117328.19	1974-12-10	2027-01-09	2027-01-01	834.96
1195	random	137529.44	1985-04-07	2005-04-28	2020-07-01	767.25
1196	random	84533.16	1988-11-28	2001-07-18	2022-04-01	327.22
1197	random	18955.10	1994-05-29	2019-04-09	2025-08-01	53.97
1198	random	92934.32	1955-10-17	2015-10-01	2027-06-01	652.00
1199	random	195419.76	1990-06-19	2018-10-25	2026-06-01	840.00
1200	random	11072.82	1971-09-20	2005-04-29	2024-02-01	38.04
1201	random	83242.39	1992-07-28	2000-06-23	2025-06-01	321.84
1202	random	137257.92	1992-12-18	2003-11-11	2021-06-01	546.90
1203	random	47519.61	1992-10-30	2019-03-31	2025-09-01	172.99
1204	random	68075.99	1979-12-12	2009-11-23	2022-06-01	362.10
1205	random	69526.35	1988-02-21	2002-03-05	2027-01-01	370.57
1206	random	119471.96	1993-05-19	2016-11-12	2026-06-01	472.79
1207	random	149123.93	2002-06-24	2024-12-25	2025-01-01	596.34
1208	random	84456.74	1985-08-21	2001-02-16	2020-11-01	457.66
1209	random	221963.08	1984-10-13	2014-12-17	2020-06-01	840.00
1210	random	35055.71	1954-01-06	2025-01-06	2025-01-01	217.91
1211	random	94041.75	1960-05-02	2021-12-18	2021-12-01	0.00
1212	random	116453.42	1970-11-20	2013-04-01	2024-12-01	828.40
1213	random	84389.45	1997-05-14	2012-11-25	2023-09-01	326.62
1214	random	262959.91	2004-10-23	2020-06-22	2027-04-01	600.00
1215	random	13167.75	1985-05-24	2006-06-14	2022-08-01	41.81
1216	random	107907.14	1955-06-18	2022-03-02	2025-05-01	764.30
1217	random	142028.13	1980-08-02	2002-03-11	2021-02-01	793.49
1218	random	118341.11	1976-09-16	2006-09-26	2026-01-01	655.32
1219	random	58825.63	1977-09-28	2022-04-19	2022-05-01	308.14
1220	random	1020.63	1994-05-06	2007-11-09	2027-05-01	0.00
1221	random	27346.43	1996-06-28	2018-08-07	2023-02-01	88.94
1222	random	99027.78	1991-06-09	2023-03-09	2023-03-01	387.61
1223	random	9866.46	1977-05-08	2001-09-18	2022-05-01	22.55
1224	random	26870.64	1983-08-08	2022-12-26	2026-03-01	121.74
1225	random	106228.03	2000-02-22	2006-09-06	2021-01-01	417.61
1226	random	29232.67	1966-07-10	2025-04-12	2025-04-01	174.24
1227	random	117856.43	1969-04-02	2002-08-05	2020-02-01	838.92
1228	random	145707.16	1967-11-14	2024-12-12	2025-01-01	1047.80
1229	random	127926.96	1966-06-23	2012-10-12	2027-12-01	914.45
1230	random	129735.50	1974-06-20	2005-08-22	2027-01-01	928.01
1231	random	145177.77	1986-11-09	2015-04-14	2022-02-01	811.87
1232	random	55514.61	1996-11-10	2020-01-16	2020-01-01	0.00
1233	random	64293.21	1994-09-15	2024-11-24	2026-09-01	242.88
1234	random	121990.02	1972-06-21	2018-06-28	2026-04-01	869.92
1235	random	198927.50	1954-01-20	2004-07-11	2023-09-01	1080.00
1236	random	234664.89	1977-05-13	2018-02-28	2025-03-01	840.00
1237	random	67107.42	1951-12-03	2025-08-01	2025-07-01	0.00
1238	random	133796.27	1986-03-31	2020-03-03	2022-07-01	745.47
1239	random	182048.07	1975-01-11	2011-12-09	2025-02-01	1080.00
1240	random	73176.74	1989-03-18	2017-08-09	2027-03-01	391.86
1241	random	228885.35	1951-06-23	2018-02-28	2020-09-01	1080.00
1242	random	106730.26	2004-07-26	2012-05-16	2024-09-01	419.70
1243	random	8573.33	2003-03-17	2008-12-30	2022-06-01	10.72
1244	random	79781.36	1976-12-30	2009-09-24	2021-08-01	430.39
1245	random	127071.05	2003-03-01	2026-08-09	2026-07-01	0.00
1246	random	22243.15	1972-05-27	2008-12-05	2021-07-01	94.75
1247	random	19475.35	2000-08-07	2022-01-24	2024-03-01	56.14
1248	random	73896.95	1952-10-24	2021-10-24	2021-11-01	509.22
1249	random	69335.79	1953-02-19	2003-08-31	2026-04-01	475.01
1250	random	106918.12	2003-01-21	2007-11-30	2024-06-01	420.49
1251	random	120308.94	1992-09-17	2023-01-01	2023-02-01	476.28
1252	random	36169.50	1988-12-12	2026-11-18	2026-12-01	175.98
1253	random	102048.01	1973-06-16	2022-06-30	2024-01-01	720.36
1254	random	141429.42	1987-06-02	2020-10-06	2021-05-01	564.28
1255	random	2009.69	1991-01-27	2013-05-15	2022-09-01	0.00
1256	random	121991.61	1978-08-23	2023-09-11	2023-09-01	676.61
1257	random	125350.38	2004-05-21	2002-01-30	2022-06-01	497.29
1258	random	848.05	1975-09-21	2000-05-02	2026-07-01	0.00
1259	random	118312.88	1969-11-17	2002-09-12	2023-04-01	842.34
1260	random	28313.95	1962-10-09	2001-10-16	2027-08-01	167.35
1261	random	96646.69	1964-11-03	2005-01-08	2022-02-01	679.85
1262	random	57875.55	1988-01-05	2015-08-31	2022-10-01	216.14
1263	random	57704.67	1983-01-18	2005-06-03	2021-12-01	301.61
1264	random	170978.04	1969-02-20	2005-11-28	2021-08-01	1080.00
1265	random	90532.62	1976-07-15	2017-08-31	2021-06-01	493.10
1266	random	28847.69	1982-10-15	2018-08-08	2022-03-01	133.27
1267	random	35440.75	1985-05-12	2017-09-30	2024-01-01	171.73
1268	random	116922.46	2004-11-02	2005-06-26	2020-02-01	462.17
1269	random	30982.71	1996-09-10	2021-02-18	2025-04-01	104.09
1270	random	33846.68	1977-04-07	2019-04-26	2026-12-01	162.43
1271	random	147429.12	1956-10-16	2020-09-13	2021-08-01	1060.71
1272	random	9148.38	1988-08-10	2009-06-25	2025-02-01	18.36
1273	random	120977.12	1953-04-17	2014-03-26	2026-01-01	862.32
1274	random	9090.48	1959-09-19	2008-09-24	2023-04-01	23.17
1275	random	13206.60	1957-04-15	2011-02-03	2020-04-01	54.04
1276	random	136412.28	1958-12-23	2000-09-07	2027-08-01	978.09
1277	random	114728.06	1991-05-07	2002-09-18	2022-04-01	453.03
1278	random	76715.78	1973-07-18	2013-03-22	2027-01-01	530.36
1279	random	46921.59	1975-08-24	2012-12-03	2021-11-01	238.70
1280	random	7682.76	1958-02-23	2015-04-25	2023-01-01	12.62
1281	random	102641.84	1966-10-13	2023-05-04	2023-04-01	0.00
1282	random	15204.01	1954-11-14	2027-02-28	2027-02-01	0.00
1283	random	65671.74	2001-07-03	2023-05-02	2023-11-01	248.63
1284	random	116735.19	1990-11-04	2019-04-12	2021-11-01	461.39
1285	random	129566.22	1989-08-12	2001-06-27	2025-11-01	720.80
1286	random	84687.92	1991-06-23	2008-05-22	2021-12-01	327.86
1287	random	131569.54	1982-09-29	2005-10-01	2026-12-01	732.48
1288	random	18884.82	1950-05-10	2027-08-21	2027-09-01	96.63
1289	random	14980.87	1972-05-26	2010-08-11	2023-07-01	67.35
1290	random	284915.33	1952-08-19	2024-07-10	2024-08-01	1080.00
1291	random	13203.55	1981-10-31	2021-02-07	2026-11-01	42.02
1292	random	148515.43	1992-03-31	2000-08-03	2024-03-01	593.81
1293	random	47832.64	1967-08-01	2018-02-20	2023-10-01	313.74
1294	random	53723.79	1985-07-18	2026-10-11	2026-12-01	278.38
1295	random	87136.73	1959-01-22	2012-06-11	2020-12-01	608.52
1296	random	93529.83	1980-03-25	2017-12-12	2021-12-01	510.59
1297	random	197028.28	1968-08-21	2002-03-16	2027-02-01	1080.00
1298	random	129447.72	1986-11-23	2000-09-29	2020-10-01	514.36
1299	random	93966.95	1959-11-20	2021-02-04	2026-08-01	659.75
1300	random	134252.79	1992-09-02	2022-10-12	2022-09-01	0.00
1301	random	136365.82	1963-01-23	2003-12-18	2026-11-01	977.74
1302	random	40127.04	1970-10-19	2002-07-05	2026-01-01	255.95
1303	random	80160.50	1973-12-10	2018-05-20	2025-07-01	556.20
1304	random	143002.39	1980-09-02	2006-11-14	2020-12-01	799.18
1305	random	86056.96	1992-06-22	2006-03-14	2023-03-01	333.57
1306	random	23688.29	2000-08-10	2017-07-10	2022-03-01	73.70
1307	random	13725.42	2003-11-20	2004-11-16	2022-11-01	32.18
1308	random	124717.06	1989-03-13	2011-01-06	2025-03-01	692.51
1309	random	108024.25	1956-10-30	2007-08-02	2023-06-01	765.18
1310	random	25042.67	1999-04-30	2015-07-21	2021-10-01	79.34
1311	random	125977.96	1980-03-10	2025-05-29	2025-05-01	0.00
1312	random	94371.38	1963-04-24	2001-01-14	2025-08-01	662.78
1313	random	113432.39	1986-09-05	2024-10-03	2025-09-01	626.68
1314	random	132580.10	1950-01-19	2002-10-10	2027-12-01	949.35
1315	random	21314.76	1979-02-07	2015-03-21	2027-02-01	89.33
1316	random	95353.09	1975-11-04	2016-07-13	2027-11-01	670.14
1317	random	26195.78	1969-01-31	2019-03-09	2021-07-01	151.46
1318	random	8696.91	1981-11-12	2004-05-04	2023-04-01	15.73
1319	random	97529.84	1969-07-10	2025-12-25	2025-12-01	0.00
1320	random	209413.84	1964-08-09	2006-05-15	2020-08-01	1080.00
1321	random	93493.73	1995-11-15	2007-08-20	2020-05-01	364.55
1322	random	104310.54	1970-09-01	2004-01-23	2022-06-01	737.32
1323	random	16021.02	2001-07-09	2023-11-24	2023-11-01	0.00
1324	random	4876.55	1968-03-19	2015-11-02	2020-03-01	0.00
1325	random	69409.90	1951-10-14	2020-06-18	2026-12-01	475.57
1326	random	128984.26	1950-03-06	2001-04-26	2024-12-01	922.38
1327	random	140580.89	1985-07-22	2027-01-12	2026-12-01	0.00
1328	random	3418.93	1988-12-30	2027-11-09	2027-12-01	0.00
1329	random	11860.42	1997-03-06	2018-08-29	2022-06-01	24.41
1330	random	71920.51	1984-05-14	2025-10-24	2025-11-01	384.53
1331	random	53317.67	1999-11-13	2006-12-14	2022-01-01	197.15
1332	random	39730.20	1997-01-29	2007-07-18	2026-05-01	140.54
1333	random	58026.35	1989-12-07	2010-03-31	2021-04-01	216.77
1334	random	55327.12	1964-12-21	2019-12-27	2020-01-01	369.95
1335	random	75622.44	1986-01-13	2010-01-20	2021-01-01	290.09
1336	random	82129.46	2000-12-12	2006-03-16	2027-12-01	317.20
1337	random	57931.05	1980-12-17	2007-01-02	2022-02-01	302.93
1338	random	81928.83	1963-09-20	2013-01-14	2020-06-01	569.46
1339	random	131298.58	2001-03-04	2020-07-04	2020-11-01	522.07
1340	random	148742.10	1995-12-11	2024-03-09	2027-12-01	594.75
1341	random	143375.82	1988-02-04	2024-09-16	2026-06-01	801.35
1342	random	32526.75	1955-02-25	2003-11-06	2021-07-01	198.95
1343	random	275121.64	1966-01-02	2002-10-10	2026-06-01	1080.00
1344	random	129950.17	1974-09-17	2016-05-19	2026-04-01	929.62
1345	random	2679.86	1998-05-20	2015-03-03	2020-10-01	0.00
1346	random	13239.66	1974-06-29	2022-12-21	2022-12-01	0.00
1347	random	5516.45	1968-06-06	2024-02-14	2024-02-01	0.00
1348	random	10499.24	1954-10-16	2009-12-27	2027-02-01	33.74
1349	random	29813.64	1980-07-31	2016-11-05	2020-12-01	138.91
1350	random	117231.21	1970-09-25	2007-08-20	2021-02-01	834.23
1351	random	12034.77	2001-03-06	2000-04-06	2025-06-01	25.14
1352	random	271103.68	1972-10-09	2000-02-04	2022-09-01	840.00
